timestamp,rainfall
2024-06-10 19:00:03.464565+00:00,0.0
2024-06-10 19:15:03.867568+00:00,0.0
2024-06-10 19:30:00.838701+00:00,0.0
2024-06-10 19:45:02.231665+00:00,0.0
2024-06-10 20:00:03.229877+00:00,0.0
2024-06-10 20:15:00.111375+00:00,0.0
2024-06-10 20:30:00.326266+00:00,0.0
2024-06-10 20:45:00.313205+00:00,0.0
2024-06-10 21:00:00.313683+00:00,0.25
2024-06-10 21:15:03.232437+00:00,0.0
2024-06-10 21:30:02.243013+00:00,0.0
2024-06-10 21:45:00.820549+00:00,0.0
2024-06-10 22:00:02.930708+00:00,0.0
2024-06-10 22:15:00.514037+00:00,0.0
2024-06-10 22:30:01.638023+00:00,0.0
2024-06-10 22:45:02.356309+00:00,0.0
2024-06-10 23:00:02.729511+00:00,0.0
2024-06-10 23:15:02.631812+00:00,0.0
2024-06-10 23:30:02.526312+00:00,0.0
2024-06-10 23:45:02.020729+00:00,0.0
2024-06-11 00:00:01.248264+00:00,0.0
2024-06-11 00:15:03.520270+00:00,0.0
2024-06-11 00:30:01.811349+00:00,0.0
2024-06-11 00:45:03.405600+00:00,0.0
2024-06-11 01:00:01.041174+00:00,0.0
2024-06-11 01:15:01.743224+00:00,1.27
2024-06-11 01:30:02.149244+00:00,1.52
2024-06-11 01:45:02.113923+00:00,0.25
2024-06-11 02:00:02.339554+00:00,0.25
2024-06-11 02:15:01.708038+00:00,0.0
2024-06-11 02:30:00.910393+00:00,0.0
2024-06-11 02:45:03.490521+00:00,0.0
2024-06-11 03:00:02.161835+00:00,0.0
2024-06-11 03:15:03.601073+00:00,0.0
2024-06-11 03:30:01.127530+00:00,0.0
2024-06-11 03:45:02.025304+00:00,0.0
2024-06-11 04:00:02.751352+00:00,0.0
2024-06-11 04:15:02.632143+00:00,0.0
2024-06-11 04:30:02.624422+00:00,0.0
2024-06-11 04:45:02.394905+00:00,0.0
2024-06-11 05:00:01.800608+00:00,0.0
2024-06-11 05:15:00.539783+00:00,0.0
2024-06-11 05:30:02.817897+00:00,0.0
2024-06-11 05:45:00.830351+00:00,0.0
2024-06-11 06:00:02.257952+00:00,0.0
2024-06-11 06:15:03.311164+00:00,0.0
2024-06-11 06:30:00.131861+00:00,0.0
2024-06-11 06:45:00.313918+00:00,0.0
2024-06-11 07:00:00.496662+00:00,0.0
2024-06-11 07:15:00.125785+00:00,0.0
2024-06-11 07:30:03.280602+00:00,0.0
2024-06-11 07:45:02.267212+00:00,0.0
2024-06-11 08:00:00.849317+00:00,0.0
2024-06-11 08:15:02.748376+00:00,0.0
2024-06-11 08:30:00.518803+00:00,0.0
2024-06-11 08:45:01.756343+00:00,0.0
2024-06-11 09:00:02.492693+00:00,0.0
2024-06-11 09:15:03.112339+00:00,0.0
2024-06-11 09:30:02.686763+00:00,0.0
2024-06-11 09:45:02.589360+00:00,0.0
2024-06-11 10:00:02.199901+00:00,0.0
2024-06-11 10:15:01.028563+00:00,0.0
2024-06-11 10:30:03.249748+00:00,0.0
2024-06-11 10:45:01.025838+00:00,0.0
2024-06-11 11:00:02.108635+00:00,0.0
2024-06-11 11:15:02.261943+00:00,0.0
2024-06-11 11:30:02.173149+00:00,0.0
2024-06-11 11:45:02.463275+00:00,0.0
2024-06-11 12:00:01.265017+00:00,0.0
2024-06-11 12:15:03.370591+00:00,0.0
2024-06-11 12:30:01.430758+00:00,0.0
2024-06-11 12:45:02.394809+00:00,0.0
2024-06-11 13:00:02.847359+00:00,7.62
2024-06-11 13:15:02.772487+00:00,7.62
2024-06-11 13:30:02.750221+00:00,0.0
2024-06-11 13:45:01.744585+00:00,0.0
2024-06-11 14:00:00.450918+00:00,0.0
2024-06-11 14:15:01.936889+00:00,0.0
2024-06-11 14:30:02.989350+00:00,0.0
2024-06-11 14:45:03.366903+00:00,0.0
2024-06-11 15:00:03.638749+00:00,0.0
2024-06-11 15:15:03.190007+00:00,0.0
2024-06-11 15:30:02.406375+00:00,0.0
2024-06-11 15:45:00.939322+00:00,0.0
2024-06-11 16:00:02.557298+00:00,0.0
2024-06-11 16:15:03.979784+00:00,0.0
2024-06-11 22:00:02.396426+00:00,0.0
2024-06-11 22:15:00.377544+00:00,0.0
2024-06-11 22:30:00.137476+00:00,0.0
2024-06-11 22:45:02.992367+00:00,0.0
2024-06-11 23:00:01.600182+00:00,0.0
2024-06-11 23:15:04.451749+00:00,0.0
2024-06-11 23:30:00.543920+00:00,0.0
2024-06-11 23:45:00.953471+00:00,0.0
2024-06-12 00:00:00.983065+00:00,0.0
2024-06-12 00:15:00.959522+00:00,0.0
2024-06-12 00:30:03.604874+00:00,0.0
2024-06-12 00:45:02.389848+00:00,0.0
2024-06-12 01:00:00.340318+00:00,0.0
2024-06-12 01:15:01.380585+00:00,0.0
2024-06-12 01:30:01.749239+00:00,0.0
2024-06-12 01:45:01.768502+00:00,0.0
2024-06-12 02:00:01.628570+00:00,0.0
2024-06-12 02:15:00.860314+00:00,0.0
2024-06-12 02:30:03.014951+00:00,0.0
2024-06-12 02:45:01.005632+00:00,0.0
2024-06-12 03:00:02.003012+00:00,0.0
2024-06-12 03:15:02.377804+00:00,0.0
2024-06-12 03:30:02.416183+00:00,0.0
2024-06-12 03:45:02.167035+00:00,0.25
2024-06-12 04:00:01.373665+00:00,0.0
2024-06-12 04:15:03.655425+00:00,0.0
2024-06-12 04:30:01.558554+00:00,0.0
2024-06-12 04:45:02.598056+00:00,0.0
2024-06-12 05:00:03.019876+00:00,0.0
2024-06-12 05:15:02.992945+00:00,0.0
2024-06-12 05:30:02.787897+00:00,0.0
2024-06-12 05:45:02.003196+00:00,0.0
2024-06-12 06:00:00.798562+00:00,0.0
2024-06-12 06:15:02.422865+00:00,0.0
2024-06-12 06:30:03.274785+00:00,0.0
2024-06-12 06:45:03.859080+00:00,0.0
2024-06-12 07:00:03.764449+00:00,0.0
2024-06-12 07:15:04.022659+00:00,0.0
2024-06-12 07:30:02.595375+00:00,0.0
2024-06-12 07:45:01.154720+00:00,0.0
2024-06-12 08:00:02.980300+00:00,0.0
2024-06-12 08:15:00.138454+00:00,0.0
2024-06-12 08:30:00.540585+00:00,0.0
2024-06-12 08:45:00.551336+00:00,0.0
2024-06-12 09:00:00.357076+00:00,0.0
2024-06-12 09:15:03.197185+00:00,0.0
2024-06-12 09:30:01.794942+00:00,0.0
2024-06-12 09:45:03.414061+00:00,0.0
2024-06-12 10:00:00.952838+00:00,0.0
2024-06-12 10:15:01.399018+00:00,0.0
2024-06-12 10:30:01.164093+00:00,0.0
2024-06-12 10:45:00.963559+00:00,0.0
2024-06-12 11:00:00.132183+00:00,0.0
2024-06-12 11:15:02.001670+00:00,0.0
2024-06-12 11:30:03.657143+00:00,0.0
2024-06-12 11:45:00.980555+00:00,0.0
2024-06-12 12:00:01.390913+00:00,0.0
2024-06-12 12:15:01.528353+00:00,0.0
2024-06-12 12:30:01.148699+00:00,0.0
2024-06-12 12:45:00.352729+00:00,0.0
2024-06-12 13:00:02.663388+00:00,0.0
2024-06-12 13:15:00.750505+00:00,0.0
2024-06-12 13:30:01.580695+00:00,0.0
2024-06-12 13:45:02.053415+00:00,0.0
2024-06-12 14:00:02.003982+00:00,0.0
2024-06-12 14:15:02.162222+00:00,0.0
2024-06-12 14:30:00.970087+00:00,0.0
2024-06-12 14:45:03.300773+00:00,0.0
2024-06-12 15:00:01.176517+00:00,0.0
2024-06-12 15:15:02.395585+00:00,0.0
2024-06-12 15:30:02.639282+00:00,0.0
2024-06-12 15:45:02.649000+00:00,0.0
2024-06-12 16:00:02.433077+00:00,0.0
2024-06-12 16:15:01.586421+00:00,0.0
2024-06-12 16:30:00.134774+00:00,0.0
2024-06-12 16:45:01.793260+00:00,0.0
2024-06-12 17:00:02.817022+00:00,0.0
2024-06-12 17:15:03.411602+00:00,0.0
2024-06-12 17:30:03.248618+00:00,0.0
2024-06-12 17:45:03.023696+00:00,0.0
2024-06-12 18:00:02.402202+00:00,0.0
2024-06-12 18:15:00.796331+00:00,0.0
2024-06-12 18:30:02.415048+00:00,0.0
2024-06-12 18:45:03.451748+00:00,0.0
2024-06-12 19:00:00.118364+00:00,0.0
2024-06-12 19:15:00.163568+00:00,0.0
2024-06-12 19:30:03.646111+00:00,0.0
2024-06-12 19:45:02.818310+00:00,0.0
2024-06-12 20:00:01.368496+00:00,0.0
2024-06-12 20:15:03.174785+00:00,0.0
2024-06-12 20:30:00.329586+00:00,0.0
2024-06-12 20:45:00.747030+00:00,0.0
2024-06-12 21:00:00.752753+00:00,0.0
2024-06-12 21:15:00.704811+00:00,0.0
2024-06-12 21:30:03.437955+00:00,0.0
2024-06-12 21:45:02.189129+00:00,0.0
2024-06-12 22:00:00.138369+00:00,0.0
2024-06-12 22:15:01.364778+00:00,0.0
2024-06-12 22:30:01.582117+00:00,0.0
2024-06-12 22:45:01.592747+00:00,0.0
2024-06-12 23:00:01.373370+00:00,0.0
2024-06-12 23:15:00.654506+00:00,0.0
2024-06-12 23:30:02.799992+00:00,0.0
2024-06-12 23:45:00.749163+00:00,0.0
2024-06-13 00:00:01.796180+00:00,0.0
2024-06-13 00:15:02.629418+00:00,0.0
2024-06-13 00:30:02.411829+00:00,0.0
2024-06-13 00:45:01.998538+00:00,0.0
2024-06-13 01:00:01.189033+00:00,0.0
2024-06-13 01:15:03.419253+00:00,0.0
2024-06-13 01:30:01.377509+00:00,0.0
2024-06-13 01:45:02.390852+00:00,0.0
2024-06-13 02:00:02.958806+00:00,0.0
2024-06-13 02:15:02.833110+00:00,0.0
2024-06-13 02:30:02.615142+00:00,0.0
2024-06-13 02:45:01.770840+00:00,0.0
2024-06-13 03:00:00.347338+00:00,0.0
2024-06-13 03:15:02.004422+00:00,0.0
2024-06-13 03:30:03.252854+00:00,0.0
2024-06-13 03:45:03.430179+00:00,0.0
2024-06-13 04:00:03.470555+00:00,2.54
2024-06-13 04:15:03.297612+00:00,2.54
2024-06-13 04:30:02.522818+00:00,0.25
2024-06-13 04:45:00.938421+00:00,0.25
2024-06-13 05:00:02.725669+00:00,0.0
2024-06-13 05:15:03.620195+00:00,0.0
2024-06-13 05:30:00.341162+00:00,0.0
2024-06-13 05:45:00.347871+00:00,0.0
2024-06-13 06:00:00.134497+00:00,0.0
2024-06-13 06:15:03.023674+00:00,0.0
2024-06-13 06:30:01.711557+00:00,0.0
2024-06-13 06:45:03.463545+00:00,0.0
2024-06-13 07:00:00.595302+00:00,0.0
2024-06-13 07:15:00.989990+00:00,0.0
2024-06-13 07:30:00.990215+00:00,0.0
2024-06-13 07:45:00.749353+00:00,0.0
2024-06-13 08:00:03.758681+00:00,0.0
2024-06-13 08:15:02.436320+00:00,0.0
2024-06-13 08:30:00.565369+00:00,0.0
2024-06-13 08:45:01.392034+00:00,0.0
2024-06-13 09:00:01.870885+00:00,0.0
2024-06-13 09:15:01.832519+00:00,0.0
2024-06-13 09:30:01.833227+00:00,0.0
2024-06-13 09:45:00.887580+00:00,0.0
2024-06-13 10:00:03.172263+00:00,0.0
2024-06-13 10:15:01.004647+00:00,0.0
2024-06-13 10:30:02.194361+00:00,0.0
2024-06-13 10:45:02.639988+00:00,0.0
2024-06-13 11:00:02.510947+00:00,0.0
2024-06-13 11:15:02.346620+00:00,0.0
2024-06-13 11:30:01.625987+00:00,0.0
2024-06-13 11:45:03.841015+00:00,0.0
2024-06-13 12:00:01.682039+00:00,0.0
2024-06-13 12:15:02.737862+00:00,0.0
2024-06-13 12:30:03.495355+00:00,0.0
2024-06-13 12:45:03.110236+00:00,0.0
2024-06-13 13:00:02.913997+00:00,0.0
2024-06-13 18:45:02.063496+00:00,0.0
2024-06-13 19:00:00.553004+00:00,0.0
2024-06-13 19:15:02.241433+00:00,0.0
2024-06-13 19:30:03.528135+00:00,0.0
2024-06-13 19:45:02.877391+00:00,0.0
2024-06-13 20:00:01.187490+00:00,0.0
2024-06-13 20:15:02.890525+00:00,0.0
2024-06-13 20:30:00.130789+00:00,0.0
2024-06-13 20:45:00.752826+00:00,0.0
2024-06-13 21:00:00.553273+00:00,0.0
2024-06-13 21:15:00.336785+00:00,0.0
2024-06-13 21:30:03.299361+00:00,0.0
2024-06-13 21:45:01.825008+00:00,0.0
2024-06-13 22:00:03.597464+00:00,0.0
2024-06-13 22:15:00.768027+00:00,0.0
2024-06-13 22:30:01.191966+00:00,0.0
2024-06-13 22:45:01.410785+00:00,0.0
2024-06-13 23:00:00.978988+00:00,0.0
2024-06-13 23:15:00.123983+00:00,0.0
2024-06-13 23:30:02.069623+00:00,0.0
2024-06-13 23:45:03.847100+00:00,0.0
2024-06-14 00:00:01.011971+00:00,0.0
2024-06-14 00:15:01.642173+00:00,0.0
2024-06-14 00:30:01.410325+00:00,0.0
2024-06-14 00:45:01.189432+00:00,0.0
2024-06-14 01:00:00.334992+00:00,0.0
2024-06-14 01:15:02.663086+00:00,0.0
2024-06-14 01:30:00.547200+00:00,0.0
2024-06-14 01:45:01.628042+00:00,0.0
2024-06-14 02:00:02.681171+00:00,0.0
2024-06-14 02:15:02.251292+00:00,0.0
2024-06-14 02:30:01.807038+00:00,0.0
2024-06-14 02:45:00.962876+00:00,0.0
2024-06-14 03:00:03.340154+00:00,0.0
2024-06-14 03:15:01.288457+00:00,0.0
2024-06-14 03:30:02.238400+00:00,0.0
2024-06-14 03:45:02.656003+00:00,0.0
2024-06-14 04:00:02.721433+00:00,0.0
2024-06-14 04:15:02.459684+00:00,0.0
2024-06-14 04:30:01.598204+00:00,0.0
2024-06-14 04:45:00.137098+00:00,0.0
2024-06-14 05:00:01.829147+00:00,0.0
2024-06-14 05:15:02.851600+00:00,0.0
2024-06-14 05:30:03.295867+00:00,0.0
2024-06-14 05:45:03.359609+00:00,0.0
2024-06-14 06:00:03.228244+00:00,0.0
2024-06-14 06:15:02.348029+00:00,0.0
2024-06-14 06:30:01.094064+00:00,0.0
2024-06-14 06:45:02.437399+00:00,0.0
2024-06-14 07:00:03.605378+00:00,0.0
2024-06-14 07:15:00.248659+00:00,0.0
2024-06-14 07:30:00.122282+00:00,0.0
2024-06-14 07:45:04.013855+00:00,0.0
2024-06-14 08:00:02.892614+00:00,0.0
2024-06-14 08:15:01.572244+00:00,0.0
2024-06-14 08:45:03.293810+00:00,0.0
2024-06-14 09:00:00.340425+00:00,0.0
2024-06-14 09:15:00.788758+00:00,0.0
2024-06-14 09:30:00.769409+00:00,0.0
2024-06-14 09:45:00.569687+00:00,0.0
2024-06-14 10:00:03.628324+00:00,0.0
2024-06-14 10:15:02.345572+00:00,0.0
2024-06-14 10:30:00.127911+00:00,0.0
2024-06-14 10:45:01.286906+00:00,0.0
2024-06-14 11:00:01.620366+00:00,0.0
2024-06-14 11:15:01.840966+00:00,0.0
2024-06-14 11:30:01.555679+00:00,0.0
2024-06-14 11:45:00.568363+00:00,0.0
2024-06-14 12:00:03.056433+00:00,0.0
2024-06-14 12:15:01.045316+00:00,0.0
2024-06-14 12:30:01.856479+00:00,0.0
2024-06-14 12:45:02.250664+00:00,0.0
2024-06-14 13:00:02.311123+00:00,0.0
2024-06-14 13:15:02.245251+00:00,0.0
2024-06-14 13:30:01.215371+00:00,0.0
2024-06-14 13:45:03.596439+00:00,0.0
2024-06-14 14:00:01.438548+00:00,0.0
2024-06-14 14:15:02.701463+00:00,0.0
2024-06-14 14:30:02.898338+00:00,0.0
2024-06-14 14:45:02.981670+00:00,0.0
2024-06-14 15:00:02.781295+00:00,0.0
2024-06-14 15:15:01.973660+00:00,0.0
2024-06-14 15:30:00.336896+00:00,0.0
2024-06-14 15:45:02.081031+00:00,0.0
2024-06-14 16:00:03.257178+00:00,0.0
2024-06-14 16:15:03.568444+00:00,0.0
2024-06-14 16:30:03.596418+00:00,0.0
2024-06-14 16:45:03.613222+00:00,0.0
2024-06-14 17:00:02.692957+00:00,0.0
2024-06-14 17:15:01.108994+00:00,0.0
2024-06-14 17:30:02.769748+00:00,0.0
2024-06-14 17:45:03.765358+00:00,0.0
2024-06-14 18:00:00.347896+00:00,0.0
2024-06-14 18:15:00.338310+00:00,0.0
2024-06-14 18:30:00.139370+00:00,0.0
2024-06-14 18:45:03.133570+00:00,0.0
2024-06-14 19:00:01.631560+00:00,0.0
2024-06-14 19:15:03.505224+00:00,0.0
2024-06-14 19:30:00.582185+00:00,0.0
2024-06-14 19:45:01.008751+00:00,0.0
2024-06-14 20:00:00.968059+00:00,0.0
2024-06-14 20:15:00.766686+00:00,0.0
2024-06-14 20:30:03.864811+00:00,0.0
2024-06-14 20:45:02.516184+00:00,0.0
2024-06-14 21:00:00.347870+00:00,0.0
2024-06-14 21:15:01.603374+00:00,0.0
2024-06-14 21:30:01.851127+00:00,0.0
2024-06-14 21:45:01.812073+00:00,0.0
2024-06-14 22:00:01.629228+00:00,0.0
2024-06-14 22:15:00.894168+00:00,0.0
2024-06-14 22:30:03.112209+00:00,0.0
2024-06-14 22:45:00.957540+00:00,0.0
2024-06-14 23:00:02.056670+00:00,0.0
2024-06-14 23:15:02.671466+00:00,0.0
2024-06-14 23:30:02.475693+00:00,0.0
2024-06-14 23:45:02.244792+00:00,0.0
2024-06-15 00:00:01.458065+00:00,0.0
2024-06-15 00:15:03.895814+00:00,0.0
2024-06-15 00:30:01.651260+00:00,0.0
2024-06-15 00:45:02.670333+00:00,0.0
2024-06-15 01:00:03.130400+00:00,0.0
2024-06-15 01:15:03.163396+00:00,0.0
2024-06-15 01:30:03.027672+00:00,0.0
2024-06-15 01:45:02.095716+00:00,0.0
2024-06-15 02:00:00.550701+00:00,0.0
2024-06-15 02:15:02.276892+00:00,0.0
2024-06-15 02:30:03.465459+00:00,0.0
2024-06-15 02:45:03.704463+00:00,0.0
2024-06-15 03:00:03.789577+00:00,0.0
2024-06-15 03:15:03.552383+00:00,0.0
2024-06-15 03:30:02.738799+00:00,0.0
2024-06-15 03:45:01.203185+00:00,0.0
2024-06-15 04:00:02.951248+00:00,0.0
2024-06-15 04:15:00.124824+00:00,0.0
2024-06-15 04:30:00.693834+00:00,0.0
2024-06-15 04:45:00.542879+00:00,0.0
2024-06-15 05:00:00.343638+00:00,0.0
2024-06-15 05:15:04.356517+00:00,0.0
2024-06-15 05:30:02.038627+00:00,0.0
2024-06-15 05:45:03.560229+00:00,0.0
2024-06-15 06:00:00.763865+00:00,0.0
2024-06-15 06:15:01.186709+00:00,0.0
2024-06-15 06:30:01.317721+00:00,0.0
2024-06-15 06:45:00.982004+00:00,0.0
2024-06-15 07:00:00.127434+00:00,0.0
2024-06-15 07:15:02.049778+00:00,0.0
2024-06-15 07:30:03.932218+00:00,0.0
2024-06-15 07:45:00.970901+00:00,0.0
2024-06-15 08:00:01.399129+00:00,0.0
2024-06-15 08:15:01.416985+00:00,0.0
2024-06-15 08:30:01.191213+00:00,0.0
2024-06-15 08:45:00.346261+00:00,0.0
2024-06-15 09:00:02.723535+00:00,0.0
2024-06-15 09:15:00.550460+00:00,0.0
2024-06-15 09:30:01.619136+00:00,0.0
2024-06-15 09:45:02.025327+00:00,0.0
2024-06-15 10:00:02.074574+00:00,0.0
2024-06-15 10:15:01.829673+00:00,0.0
2024-06-15 10:30:01.190008+00:00,0.0
2024-06-15 10:45:03.317404+00:00,0.0
2024-06-15 11:00:01.187798+00:00,0.0
2024-06-15 11:15:02.255409+00:00,0.0
2024-06-15 11:30:02.780273+00:00,0.0
2024-06-15 11:45:02.498551+00:00,0.0
2024-06-15 12:00:01.635819+00:00,0.0
2024-06-15 12:15:00.120003+00:00,0.0
2024-06-15 12:30:01.993469+00:00,0.0
2024-06-15 12:45:02.960476+00:00,0.0
2024-06-15 13:00:03.367464+00:00,0.0
2024-06-15 13:15:03.345212+00:00,0.0
2024-06-15 13:30:03.152494+00:00,0.0
2024-06-15 13:45:02.246905+00:00,0.0
2024-06-15 14:00:00.781160+00:00,0.0
2024-06-15 14:15:02.504649+00:00,0.0
2024-06-15 14:30:03.669347+00:00,0.0
2024-06-15 14:45:00.128115+00:00,0.0
2024-06-15 15:00:00.127045+00:00,0.0
2024-06-15 15:15:03.813187+00:00,0.0
2024-06-15 15:30:03.012874+00:00,0.0
2024-06-15 15:45:01.399914+00:00,0.0
2024-06-15 16:00:03.169793+00:00,0.0
2024-06-15 16:15:00.336857+00:00,0.0
2024-06-15 16:30:00.767104+00:00,0.0
2024-06-15 16:45:00.780973+00:00,0.0
2024-06-15 17:00:00.558091+00:00,0.0
2024-06-15 17:15:03.566749+00:00,0.0
2024-06-15 17:30:02.265504+00:00,0.0
2024-06-15 17:45:00.124560+00:00,0.0
2024-06-15 18:00:01.237598+00:00,0.0
2024-06-15 18:15:01.615705+00:00,0.0
2024-06-15 18:30:01.607679+00:00,0.0
2024-06-15 18:45:01.407760+00:00,0.0
2024-06-15 19:00:00.568310+00:00,0.0
2024-06-15 19:15:04.504452+00:00,0.0
2024-06-15 19:30:04.799050+00:00,0.0
2024-06-15 19:45:01.830345+00:00,0.0
2024-06-15 20:00:04.948972+00:00,0.0
2024-06-15 20:15:02.297963+00:00,0.0
2024-06-15 20:30:02.255222+00:00,0.0
2024-06-15 20:45:01.238413+00:00,0.0
2024-06-15 21:00:03.557135+00:00,0.0
2024-06-15 21:15:01.384745+00:00,0.0
2024-06-15 21:30:02.760066+00:00,0.0
2024-06-15 21:45:02.906156+00:00,0.0
2024-06-15 22:00:02.931850+00:00,0.0
2024-06-15 22:15:02.667688+00:00,0.0
2024-06-15 22:30:02.378980+00:00,0.0
2024-06-15 22:45:00.341825+00:00,0.0
2024-06-15 23:00:02.032207+00:00,0.0
2024-06-15 23:15:03.100468+00:00,0.0
2024-06-15 23:30:03.521335+00:00,0.0
2024-06-15 23:45:03.506253+00:00,0.0
2024-06-16 00:00:03.835217+00:00,0.0
2024-06-16 00:15:02.477765+00:00,0.0
2024-06-16 00:30:01.310983+00:00,0.0
2024-06-16 00:45:02.666731+00:00,0.0
2024-06-16 01:00:03.784619+00:00,0.0
2024-06-16 01:15:00.338988+00:00,0.0
2024-06-16 01:30:00.354750+00:00,0.0
2024-06-16 01:45:00.126719+00:00,0.0
2024-06-16 02:00:03.290032+00:00,0.0
2024-06-16 02:15:01.650087+00:00,0.0
2024-06-16 02:30:03.548256+00:00,0.0
2024-06-16 02:45:00.548143+00:00,0.0
2024-06-16 03:00:00.967708+00:00,0.0
2024-06-16 03:15:00.977126+00:00,0.0
2024-06-16 03:30:00.922977+00:00,0.0
2024-06-16 03:45:03.745632+00:00,0.0
2024-06-16 04:00:02.604112+00:00,0.0
2024-06-16 04:15:00.340065+00:00,0.0
2024-06-16 04:30:01.621554+00:00,0.0
2024-06-16 04:45:01.839885+00:00,0.0
2024-06-16 05:00:01.857988+00:00,0.0
2024-06-16 05:15:01.625157+00:00,0.0
2024-06-16 05:30:00.981798+00:00,0.0
2024-06-16 05:45:03.232155+00:00,0.0
2024-06-16 06:00:01.061774+00:00,0.0
2024-06-16 06:15:02.036816+00:00,0.0
2024-06-16 06:30:02.655858+00:00,0.0
2024-06-16 06:45:02.483403+00:00,0.0
2024-06-16 07:00:02.353101+00:00,0.0
2024-06-16 07:15:01.407535+00:00,0.0
2024-06-16 07:30:03.781581+00:00,0.0
2024-06-16 07:45:01.638049+00:00,0.0
2024-06-16 08:00:02.777492+00:00,0.0
2024-06-16 08:15:03.097248+00:00,0.0
2024-06-16 08:30:03.377625+00:00,0.0
2024-06-16 08:45:02.870385+00:00,0.0
2024-06-16 09:00:02.267720+00:00,0.0
2024-06-16 09:15:00.556364+00:00,0.0
2024-06-16 09:30:02.317516+00:00,0.0
2024-06-16 09:45:03.364450+00:00,0.0
2024-06-16 10:00:03.801217+00:00,0.0
2024-06-16 10:15:03.880875+00:00,0.0
2024-06-16 10:30:03.757903+00:00,0.0
2024-06-16 10:45:02.673501+00:00,0.0
2024-06-16 11:00:01.196017+00:00,0.0
2024-06-16 11:15:02.991251+00:00,0.0
2024-06-16 11:30:00.574372+00:00,0.0
2024-06-16 11:45:00.557511+00:00,0.0
2024-06-16 12:00:00.330489+00:00,0.0
2024-06-16 12:15:03.378172+00:00,0.0
2024-06-16 12:30:01.964987+00:00,0.0
2024-06-16 12:45:03.671345+00:00,0.0
2024-06-16 13:00:00.754701+00:00,0.0
2024-06-16 13:15:01.188543+00:00,0.0
2024-06-16 13:30:01.189503+00:00,0.0
2024-06-16 13:45:01.012103+00:00,0.0
2024-06-16 14:00:00.124279+00:00,0.0
2024-06-16 14:15:02.076525+00:00,0.0
2024-06-16 14:30:04.003475+00:00,0.0
2024-06-16 14:45:01.002194+00:00,0.0
2024-06-16 15:00:01.421018+00:00,0.0
2024-06-16 15:15:01.429225+00:00,0.0
2024-06-16 15:30:01.370057+00:00,0.0
2024-06-16 15:45:00.345673+00:00,0.0
2024-06-16 16:00:02.784608+00:00,0.0
2024-06-16 16:15:00.548578+00:00,0.0
2024-06-16 16:30:01.662101+00:00,0.0
2024-06-16 16:45:02.132911+00:00,0.0
2024-06-16 17:00:02.102284+00:00,0.0
2024-06-16 17:15:01.838725+00:00,0.0
2024-06-16 17:30:01.250265+00:00,0.0
2024-06-16 17:45:03.358411+00:00,0.0
2024-06-16 18:00:01.201597+00:00,0.0
2024-06-16 18:15:02.319351+00:00,0.0
2024-06-16 18:30:02.886076+00:00,0.0
2024-06-16 18:45:02.710643+00:00,0.0
2024-06-16 19:00:02.504213+00:00,0.0
2024-06-16 19:15:01.620611+00:00,0.0
2024-06-16 19:30:00.128894+00:00,0.0
2024-06-16 19:45:01.827893+00:00,0.0
2024-06-16 20:00:03.026190+00:00,0.0
2024-06-16 20:15:03.367075+00:00,0.0
2024-06-16 20:30:03.349034+00:00,0.0
2024-06-16 20:45:03.109274+00:00,0.0
2024-06-16 21:00:02.321473+00:00,0.0
2024-06-16 21:15:00.758612+00:00,0.0
2024-06-16 21:30:02.525233+00:00,0.0
2024-06-16 21:45:03.526186+00:00,0.0
2024-06-16 22:00:00.140051+00:00,0.0
2024-06-16 22:15:00.128582+00:00,0.0
2024-06-16 22:30:03.840201+00:00,0.0
2024-06-16 22:45:02.942433+00:00,0.0
2024-06-16 23:00:01.469611+00:00,0.0
2024-06-16 23:15:03.075617+00:00,0.0
2024-06-16 23:30:00.539584+00:00,0.0
2024-06-16 23:45:00.760834+00:00,0.0
2024-06-17 00:00:00.777173+00:00,0.0
2024-06-17 00:15:00.551448+00:00,0.0
2024-06-17 00:30:03.676860+00:00,0.0
2024-06-17 00:45:02.236655+00:00,0.0
2024-06-17 01:00:00.133463+00:00,0.0
2024-06-17 01:15:01.184384+00:00,0.0
2024-06-17 01:30:01.745980+00:00,0.0
2024-06-17 01:45:01.608496+00:00,0.0
2024-06-17 02:00:01.416726+00:00,0.0
2024-06-17 02:15:00.571479+00:00,0.0
2024-06-17 02:30:03.014888+00:00,0.0
2024-06-17 02:45:00.758513+00:00,0.0
2024-06-17 03:00:01.846245+00:00,0.0
2024-06-17 03:15:02.238734+00:00,0.0
2024-06-17 03:30:02.322753+00:00,0.0
2024-06-17 03:45:02.049853+00:00,0.0
2024-06-17 04:00:01.215164+00:00,0.0
2024-06-17 04:15:04.108338+00:00,0.0
2024-06-17 04:30:01.606704+00:00,0.0
2024-06-17 04:45:02.468861+00:00,0.0
2024-06-17 05:00:02.989748+00:00,0.0
2024-06-17 05:15:02.957615+00:00,0.0
2024-06-17 05:30:03.864141+00:00,0.0
2024-06-17 05:45:01.878148+00:00,0.0
2024-06-17 06:00:00.348682+00:00,0.0
2024-06-17 06:15:02.059606+00:00,0.0
2024-06-17 06:30:03.161473+00:00,0.0
2024-06-17 06:45:03.590420+00:00,0.0
2024-06-17 07:00:03.638994+00:00,0.0
2024-06-17 07:15:03.490126+00:00,0.0
2024-06-17 07:30:02.705223+00:00,0.0
2024-06-17 07:45:00.980771+00:00,0.0
2024-06-17 08:00:02.798069+00:00,0.0
2024-06-17 08:15:03.777089+00:00,0.0
2024-06-17 08:30:00.540105+00:00,0.0
2024-06-17 08:45:00.339759+00:00,0.0
2024-06-17 09:00:00.130203+00:00,0.0
2024-06-17 09:15:03.130738+00:00,0.0
2024-06-17 09:30:01.834206+00:00,0.0
2024-06-17 09:45:03.401849+00:00,0.0
2024-06-17 10:00:00.555059+00:00,0.0
2024-06-17 10:15:01.007646+00:00,0.0
2024-06-17 10:30:01.182947+00:00,0.0
2024-06-17 10:45:00.783501+00:00,0.0
2024-06-17 11:00:03.956173+00:00,0.0
2024-06-17 11:15:02.500691+00:00,0.0
2024-06-17 11:30:01.746862+00:00,0.0
2024-06-17 11:45:01.836107+00:00,0.0
2024-06-17 12:00:01.855083+00:00,0.0
2024-06-17 12:15:01.643032+00:00,0.0
2024-06-17 12:30:00.791616+00:00,0.0
2024-06-17 12:45:03.126559+00:00,0.0
2024-06-17 13:00:00.993486+00:00,0.0
2024-06-17 13:15:02.035463+00:00,0.0
2024-06-17 13:30:02.611735+00:00,0.0
2024-06-17 13:45:02.495199+00:00,0.0
2024-06-17 14:00:02.360385+00:00,0.0
2024-06-17 14:15:01.460166+00:00,0.0
2024-06-17 14:30:03.931168+00:00,0.0
2024-06-17 14:45:01.650330+00:00,0.0
2024-06-17 15:00:02.779870+00:00,0.0
2024-06-17 15:15:03.130749+00:00,0.0
2024-06-17 15:30:03.379121+00:00,0.0
2024-06-17 15:45:27.138463+00:00,0.0
2024-06-17 16:00:02.197986+00:00,0.0
2024-06-17 16:15:00.576161+00:00,0.0
2024-06-17 16:30:02.350868+00:00,0.0
2024-06-17 16:45:03.390064+00:00,0.0
2024-06-17 17:00:03.881830+00:00,0.0
2024-06-17 17:15:03.785974+00:00,0.0
2024-06-17 17:30:03.791224+00:00,0.0
2024-06-17 17:45:02.708974+00:00,0.0
2024-06-17 18:00:01.255084+00:00,0.0
2024-06-17 18:15:02.889448+00:00,0.0
2024-06-17 18:30:00.284910+00:00,0.0
2024-06-17 18:45:00.553442+00:00,0.0
2024-06-17 19:00:00.549020+00:00,0.0
2024-06-17 19:15:00.373274+00:00,0.0
2024-06-17 19:30:03.546056+00:00,0.0
2024-06-17 19:45:01.838876+00:00,0.0
2024-06-17 20:00:03.601963+00:00,0.0
2024-06-17 20:15:00.758625+00:00,0.0
2024-06-17 20:30:01.248518+00:00,0.0
2024-06-17 20:45:01.209056+00:00,0.0
2024-06-17 21:00:01.121024+00:00,0.0
2024-06-17 21:15:00.124156+00:00,0.0
2024-06-17 21:30:02.041124+00:00,0.0
2024-06-17 21:45:03.756647+00:00,0.0
2024-06-17 22:00:00.968192+00:00,0.0
2024-06-17 22:15:01.397810+00:00,0.0
2024-06-17 22:30:01.534645+00:00,0.0
2024-06-17 22:45:01.186403+00:00,0.0
2024-06-17 23:00:00.337847+00:00,0.0
2024-06-17 23:15:02.693793+00:00,0.0
2024-06-17 23:30:00.561354+00:00,0.0
2024-06-17 23:45:01.622600+00:00,0.0
2024-06-18 00:00:02.236700+00:00,0.0
2024-06-18 00:15:02.037228+00:00,0.0
2024-06-18 00:30:01.913764+00:00,0.0
2024-06-18 00:45:00.976824+00:00,0.0
2024-06-18 01:00:03.660009+00:00,0.0
2024-06-18 01:15:01.192555+00:00,0.0
2024-06-18 01:30:02.275992+00:00,0.0
2024-06-18 01:45:02.722151+00:00,0.0
2024-06-18 02:00:02.769899+00:00,0.0
2024-06-18 02:15:02.477298+00:00,0.0
2024-06-18 02:30:01.747361+00:00,0.0
2024-06-18 02:45:00.129157+00:00,0.0
2024-06-18 03:00:01.860962+00:00,0.0
2024-06-18 03:15:03.168491+00:00,0.0
2024-06-18 03:30:03.662401+00:00,0.0
2024-06-18 03:45:03.363964+00:00,0.0
2024-06-18 04:00:03.192578+00:00,0.0
2024-06-18 04:15:02.301464+00:00,0.0
2024-06-18 04:30:00.896998+00:00,0.0
2024-06-18 04:45:02.646873+00:00,0.0
2024-06-18 05:00:04.163632+00:00,0.0
2024-06-18 05:15:00.127669+00:00,0.0
2024-06-18 05:30:00.129856+00:00,0.0
2024-06-18 05:45:03.917130+00:00,0.0
2024-06-18 06:00:03.027786+00:00,0.0
2024-06-18 06:15:01.482750+00:00,0.0
2024-06-18 06:30:03.682529+00:00,0.0
2024-06-18 06:45:00.356911+00:00,0.0
2024-06-18 07:00:00.791816+00:00,0.0
2024-06-18 07:15:06.758679+00:00,0.0
2024-06-18 07:30:04.430462+00:00,0.0
2024-06-18 07:45:03.806420+00:00,0.0
2024-06-18 08:00:02.662474+00:00,0.0
2024-06-18 08:15:00.123409+00:00,0.0
2024-06-18 08:30:01.369037+00:00,0.0
2024-06-18 08:45:01.675718+00:00,0.0
2024-06-18 09:00:01.989186+00:00,0.0
2024-06-18 09:15:01.441876+00:00,0.0
2024-06-18 09:30:00.566667+00:00,0.0
2024-06-18 09:45:02.968138+00:00,0.0
2024-06-18 10:00:08.110753+00:00,0.0
2024-06-18 10:15:03.892688+00:00,0.0
2024-06-18 10:30:02.523547+00:00,0.0
2024-06-18 10:45:02.359613+00:00,0.0
2024-06-18 11:00:03.227195+00:00,0.0
2024-06-18 11:15:45.941215+00:00,2.29
2024-06-18 11:30:00.795832+00:00,2.29
2024-06-18 11:45:01.426279+00:00,0.25
2024-06-18 12:00:01.492075+00:00,0.25
2024-06-18 12:15:01.436090+00:00,0.0
2024-06-18 12:30:00.987092+00:00,0.0
2024-06-18 12:45:03.353654+00:00,0.0
2024-06-18 13:00:01.610100+00:00,0.0
2024-06-18 13:15:02.725221+00:00,0.0
2024-06-18 13:30:03.513029+00:00,0.0
2024-06-18 13:45:03.335697+00:00,0.0
2024-06-18 14:00:03.476064+00:00,0.0
2024-06-18 14:15:02.784828+00:00,0.0
2024-06-18 14:30:01.639675+00:00,0.0
2024-06-18 14:45:03.444181+00:00,0.0
2024-06-18 15:00:00.827348+00:00,0.0
2024-06-18 15:15:01.423262+00:00,0.0
2024-06-18 15:30:01.440557+00:00,0.0
2024-06-18 15:45:01.452097+00:00,0.0
2024-06-18 16:00:00.807344+00:00,0.0
2024-06-18 16:15:03.351402+00:00,0.0
2024-06-18 16:30:01.664351+00:00,0.0
2024-06-18 16:45:02.763678+00:00,0.0
2024-06-18 17:00:03.550631+00:00,0.0
2024-06-18 17:15:03.348761+00:00,0.0
2024-06-18 17:30:03.451690+00:00,0.0
2024-06-18 17:45:02.703728+00:00,0.0
2024-06-18 18:00:01.470361+00:00,0.0
2024-06-18 18:15:03.379212+00:00,0.0
2024-06-18 18:30:00.916466+00:00,0.0
2024-06-18 18:45:01.470750+00:00,0.0
2024-06-18 19:00:01.414093+00:00,0.0
2024-06-18 19:15:01.400077+00:00,0.0
2024-06-18 19:30:00.894276+00:00,0.0
2024-06-18 19:45:03.343204+00:00,0.0
2024-06-18 20:00:01.402664+00:00,0.0
2024-06-18 20:15:02.693758+00:00,0.0
2024-06-18 20:30:03.578664+00:00,0.0
2024-06-18 20:45:03.331420+00:00,0.0
2024-06-18 21:00:03.396648+00:00,0.0
2024-06-18 21:15:02.690368+00:00,1.27
2024-06-18 21:30:01.419991+00:00,0.0
2024-06-18 21:45:03.317612+00:00,0.0
2024-06-18 22:00:00.763031+00:00,0.0
2024-06-18 22:15:01.386450+00:00,0.0
2024-06-18 22:30:01.436723+00:00,0.0
2024-06-18 22:45:01.400391+00:00,0.0
2024-06-18 23:00:00.763499+00:00,0.0
2024-06-18 23:15:03.334773+00:00,0.0
2024-06-18 23:30:01.619507+00:00,0.0
2024-06-18 23:45:02.685389+00:00,0.0
2024-06-19 00:00:03.950271+00:00,0.0
2024-06-19 00:15:03.356848+00:00,0.0
2024-06-19 00:30:04.055314+00:00,9.4
2024-06-19 00:45:02.726807+00:00,4.57
2024-06-19 01:00:01.414598+00:00,9.65
2024-06-19 01:15:03.338662+00:00,1.27
2024-06-19 01:30:00.893209+00:00,1.78
2024-06-19 01:45:01.506290+00:00,0.51
2024-06-19 02:00:01.437572+00:00,0.25
2024-06-19 02:15:01.397456+00:00,0.0
2024-06-19 02:30:01.065080+00:00,0.0
2024-06-19 02:45:03.457708+00:00,0.0
2024-06-19 03:00:01.429149+00:00,0.0
2024-06-19 03:15:02.736014+00:00,0.25
2024-06-19 03:30:03.532112+00:00,0.25
2024-06-19 03:45:03.378571+00:00,0.25
2024-06-19 04:00:03.531608+00:00,0.0
2024-06-19 04:15:02.751198+00:00,0.0
2024-06-19 04:30:02.979498+00:00,0.25
2024-06-19 04:45:03.377730+00:00,0.25
2024-06-19 05:00:00.783216+00:00,0.76
2024-06-19 05:15:01.420088+00:00,0.76
2024-06-19 10:21:38.868020+00:00,0.0
2024-06-19 10:30:01.584700+00:00,0.0
2024-06-19 10:45:03.382753+00:00,0.0
2024-06-19 11:00:01.567043+00:00,0.0
2024-06-19 11:15:02.780827+00:00,0.0
2024-06-19 11:30:03.433532+00:00,0.0
2024-06-19 11:45:03.510813+00:00,0.0
2024-06-19 12:00:03.522431+00:00,0.0
2024-06-19 12:15:02.677674+00:00,0.0
2024-06-19 12:30:03.897125+00:00,0.0
2024-06-19 12:45:03.437825+00:00,0.0
2024-06-19 13:00:00.841514+00:00,0.0
2024-06-19 13:15:01.612409+00:00,0.0
2024-06-19 13:30:01.501208+00:00,0.0
2024-06-19 13:45:01.483690+00:00,0.0
2024-06-19 14:00:00.897782+00:00,0.0
2024-06-19 14:15:03.432084+00:00,0.0
2024-06-19 14:30:01.597729+00:00,0.0
2024-06-19 14:45:02.731726+00:00,0.0
2024-06-19 15:00:03.471520+00:00,0.0
2024-06-19 15:15:03.523786+00:00,0.0
2024-06-19 15:30:03.399647+00:00,0.0
2024-06-19 15:45:02.730579+00:00,0.0
2024-06-19 16:00:01.467341+00:00,0.0
2024-06-19 16:15:03.364288+00:00,0.0
2024-06-19 16:30:00.815706+00:00,0.0
2024-06-19 16:45:01.413850+00:00,0.0
2024-06-19 17:00:01.509051+00:00,0.0
2024-06-19 17:15:01.473442+00:00,0.0
2024-06-19 17:30:00.851396+00:00,0.0
2024-06-19 17:45:03.462494+00:00,0.0
2024-06-19 17:45:24.972429+00:00,0.0
2024-06-19 18:00:00.861238+00:00,0.0
2024-06-19 18:01:04.813107+00:00,0.0
2024-06-19 18:15:01.542019+00:00,0.0
2024-06-19 18:15:14.038190+00:00,0.0
2024-06-19 18:30:01.135801+00:00,0.0
2024-06-19 18:30:04.083136+00:00,0.0
2024-06-19 18:45:02.454449+00:00,0.0
2024-06-19 18:45:16.201517+00:00,0.0
2024-06-19 19:00:03.296220+00:00,0.0
2024-06-19 19:00:19.195352+00:00,0.0
2024-06-19 19:15:02.747426+00:00,0.0
2024-06-19 19:15:13.118489+00:00,0.0
2024-06-19 19:30:00.911143+00:00,0.0
2024-06-19 19:30:01.875604+00:00,0.0
2024-06-19 19:45:03.800398+00:00,0.0
2024-06-19 19:45:20.440180+00:00,0.0
2024-06-19 20:00:03.815783+00:00,0.0
2024-06-19 20:00:22.047030+00:00,0.0
2024-06-19 20:15:03.320021+00:00,0.0
2024-06-19 20:15:27.929485+00:00,0.0
2024-06-19 20:30:00.948557+00:00,0.0
2024-06-19 20:42:54.239016+00:00,0.0
2024-06-19 20:45:02.810233+00:00,0.0
2024-06-19 20:45:19.787101+00:00,0.0
2024-06-19 21:00:02.603562+00:00,0.51
2024-06-19 21:00:11.509252+00:00,0.51
2024-06-19 21:15:01.691021+00:00,1.52
2024-06-19 21:15:02.336107+00:00,1.52
2024-06-19 21:30:02.454347+00:00,1.52
2024-06-19 21:30:11.931067+00:00,1.52
2024-06-19 21:45:01.653152+00:00,0.25
2024-06-19 22:00:01.647552+00:00,0.25
2024-06-19 22:15:01.020494+00:00,0.25
2024-06-19 22:30:03.929041+00:00,0.0
2024-06-19 22:45:01.584426+00:00,0.0
2024-06-19 23:00:03.023190+00:00,0.25
2024-06-19 23:15:03.605187+00:00,0.0
2024-06-19 23:30:03.613702+00:00,0.0
2024-06-19 23:45:03.591027+00:00,0.0
2024-06-20 00:00:04.402514+00:00,0.0
2024-06-20 00:15:01.696302+00:00,2.54
2024-06-20 00:30:04.142642+00:00,0.51
2024-06-20 00:45:01.045856+00:00,0.0
2024-06-20 01:00:01.757955+00:00,1.52
2024-06-20 01:15:01.610940+00:00,2.54
2024-06-20 01:30:01.892010+00:00,0.0
2024-06-20 01:45:00.986836+00:00,0.0
2024-06-20 02:00:03.656072+00:00,0.25
2024-06-20 02:15:01.654761+00:00,0.0
2024-06-20 02:30:02.959610+00:00,0.0
2024-06-20 02:45:03.504709+00:00,0.0
2024-06-20 03:00:03.780916+00:00,0.51
2024-06-20 03:15:03.622847+00:00,0.0
2024-06-20 03:30:03.077373+00:00,0.0
2024-06-20 03:45:01.606043+00:00,0.0
2024-06-20 04:00:03.764514+00:00,0.0
2024-06-20 04:15:00.971213+00:00,0.0
2024-06-20 04:30:01.897398+00:00,0.0
2024-06-20 04:45:01.703300+00:00,0.0
2024-06-20 05:00:01.751867+00:00,0.0
2024-06-20 05:15:01.034035+00:00,0.0
2024-06-20 05:30:03.857983+00:00,0.0
2024-06-20 05:45:01.678516+00:00,0.25
2024-06-20 06:00:03.094962+00:00,0.0
2024-06-20 06:15:03.670506+00:00,0.51
2024-06-20 06:30:03.729278+00:00,0.51
2024-06-20 06:45:03.691839+00:00,0.0
2024-06-20 07:00:03.090901+00:00,0.0
2024-06-20 07:15:01.653438+00:00,0.0
2024-06-20 07:30:03.828807+00:00,0.0
2024-06-20 07:45:01.044333+00:00,0.0
2024-06-20 08:00:01.698849+00:00,0.0
2024-06-20 08:15:01.632050+00:00,0.0
2024-06-20 08:30:01.900194+00:00,0.0
2024-06-20 08:45:01.007094+00:00,0.0
2024-06-20 09:00:03.770833+00:00,0.0
2024-06-20 09:15:01.693486+00:00,0.0
2024-06-20 09:30:02.918143+00:00,0.0
2024-06-20 09:45:03.589604+00:00,0.0
2024-06-20 10:00:03.841166+00:00,0.0
2024-06-20 10:15:03.581976+00:00,0.0
2024-06-20 10:30:03.049192+00:00,0.0
2024-06-20 10:45:01.691604+00:00,0.0
2024-06-20 11:00:03.693372+00:00,0.0
2024-06-20 11:15:01.023018+00:00,0.0
2024-06-20 11:30:02.012436+00:00,0.0
2024-06-20 11:45:01.650750+00:00,0.0
2024-06-20 12:00:01.078416+00:00,0.0
2024-06-20 12:15:03.602410+00:00,0.0
2024-06-20 12:30:01.994157+00:00,0.0
2024-06-20 12:45:25.614384+00:00,0.0
2024-06-20 13:03:00.382299+00:00,0.0
2024-06-20 13:45:03.551248+00:00,0.0
2024-06-20 14:00:03.747614+00:00,0.0
2024-06-20 14:00:03.757455+00:00,0.0
2024-06-20 14:15:01.858638+00:00,0.0
2024-06-20 14:15:01.858942+00:00,0.0
2024-06-20 14:30:01.881397+00:00,0.0
2024-06-20 14:30:01.884991+00:00,0.0
2024-06-20 14:45:03.480651+00:00,0.0
2024-06-20 14:45:03.484364+00:00,0.0
2024-06-20 15:00:02.049929+00:00,0.0
2024-06-20 15:00:02.053593+00:00,0.0
2024-06-20 15:15:02.680781+00:00,0.0
2024-06-20 15:15:02.687893+00:00,0.0
2024-06-20 15:30:02.801876+00:00,0.0
2024-06-20 15:30:02.909941+00:00,0.0
2024-06-20 15:45:01.038998+00:00,0.0
2024-06-20 15:45:01.039446+00:00,0.0
2024-06-20 16:00:02.888207+00:00,0.0
2024-06-20 16:00:02.906142+00:00,0.0
2024-06-20 16:15:02.880427+00:00,0.0
2024-06-20 16:15:02.880630+00:00,0.0
2024-06-20 16:30:02.732380+00:00,0.0
2024-06-20 16:30:02.751834+00:00,0.0
2024-06-20 16:45:00.654524+00:00,0.0
2024-06-20 16:45:00.690668+00:00,0.0
2024-06-20 17:00:00.345583+00:00,0.0
2024-06-20 17:00:00.346137+00:00,0.0
2024-06-20 17:15:02.315389+00:00,0.0
2024-06-20 17:15:02.462892+00:00,0.0
2024-06-20 17:30:01.138423+00:00,0.0
2024-06-20 17:30:01.234681+00:00,0.0
2024-06-20 17:45:02.257411+00:00,0.0
2024-06-20 17:45:02.260709+00:00,0.0
2024-06-20 18:00:02.743027+00:00,0.0
2024-06-20 18:00:02.743409+00:00,0.0
2024-06-20 18:15:01.578244+00:00,0.0
2024-06-20 18:15:01.579077+00:00,0.0
2024-06-20 18:30:03.534322+00:00,0.0
2024-06-20 18:30:03.535260+00:00,0.0
2024-06-20 18:45:01.852080+00:00,0.0
2024-06-20 18:45:01.852701+00:00,0.0
2024-06-20 19:00:01.584452+00:00,0.0
2024-06-20 19:00:01.585622+00:00,0.0
2024-06-20 19:15:00.198087+00:00,0.0
2024-06-20 19:15:00.199920+00:00,0.0
2024-06-20 19:30:00.685734+00:00,0.0
2024-06-20 19:30:00.687421+00:00,0.0
2024-06-20 19:45:00.370954+00:00,0.0
2024-06-20 19:45:00.371361+00:00,0.0
2024-06-20 20:00:02.246636+00:00,0.0
2024-06-20 20:00:02.258399+00:00,0.0
2024-06-20 20:15:00.439607+00:00,0.0
2024-06-20 20:15:00.439904+00:00,0.0
2024-06-20 20:30:00.660979+00:00,0.0
2024-06-20 20:30:00.662833+00:00,0.0
2024-06-20 20:45:03.767609+00:00,0.0
2024-06-20 20:45:03.767781+00:00,0.0
2024-06-20 21:00:03.953646+00:00,0.0
2024-06-20 21:00:03.955658+00:00,0.0
2024-06-20 21:15:02.825818+00:00,0.0
2024-06-20 21:15:02.826973+00:00,0.0
2024-06-20 21:30:00.253667+00:00,0.0
2024-06-20 21:30:00.291790+00:00,0.0
2024-06-20 21:45:57.976347+00:00,0.0
2024-06-20 22:00:04.000129+00:00,0.0
2024-06-20 22:00:04.000368+00:00,0.0
2024-06-20 22:15:00.932185+00:00,0.0
2024-06-20 22:15:01.038910+00:00,0.0
2024-06-20 22:30:02.433021+00:00,0.0
2024-06-20 22:30:02.434381+00:00,0.0
2024-06-20 22:45:04.040861+00:00,0.0
2024-06-20 22:45:04.041172+00:00,0.0
2024-06-20 23:00:01.004943+00:00,0.0
2024-06-20 23:00:01.005367+00:00,0.0
2024-06-20 23:15:02.482063+00:00,0.0
2024-06-20 23:15:02.482563+00:00,0.0
2024-06-20 23:30:00.309279+00:00,0.0
2024-06-20 23:30:00.311897+00:00,0.0
2024-06-20 23:45:02.621632+00:00,0.0
2024-06-20 23:45:02.622664+00:00,0.0
2024-06-21 00:00:02.150871+00:00,0.0
2024-06-21 00:00:02.207198+00:00,0.0
2024-06-21 00:15:03.695973+00:00,0.0
2024-06-21 00:15:03.730322+00:00,0.0
2024-06-21 00:30:02.473070+00:00,0.0
2024-06-21 00:30:02.583316+00:00,0.0
2024-06-21 00:45:01.900058+00:00,0.0
2024-06-21 00:45:01.901136+00:00,0.0
2024-06-21 01:00:00.618072+00:00,0.0
2024-06-21 01:00:00.618280+00:00,0.0
2024-06-21 01:15:01.236489+00:00,0.0
2024-06-21 01:15:01.240610+00:00,0.0
2024-06-21 01:30:01.225906+00:00,0.25
2024-06-21 01:30:01.256365+00:00,0.25
2024-06-21 01:45:11.553598+00:00,0.0
2024-06-21 01:45:14.306440+00:00,0.0
2024-06-21 02:00:25.503870+00:00,0.0
2024-06-21 02:00:25.506994+00:00,0.0
2024-06-21 02:15:00.556157+00:00,0.0
2024-06-21 02:15:00.556320+00:00,0.0
2024-06-21 02:30:02.104175+00:00,0.51
2024-06-21 02:30:02.105526+00:00,0.51
2024-06-21 02:45:03.632079+00:00,0.51
2024-06-21 02:45:03.736423+00:00,0.51
2024-06-21 03:00:01.614919+00:00,1.02
2024-06-21 03:00:01.657861+00:00,1.02
2024-06-21 03:15:00.351698+00:00,1.02
2024-06-21 03:15:00.353191+00:00,1.02
2024-06-21 03:30:04.008651+00:00,0.0
2024-06-21 03:30:04.010680+00:00,0.0
2024-06-21 03:45:01.391228+00:00,0.0
2024-06-21 03:45:01.392986+00:00,0.0
2024-06-21 04:00:03.391128+00:00,0.0
2024-06-21 04:00:03.416004+00:00,0.0
2024-06-21 04:15:01.684373+00:00,0.0
2024-06-21 04:15:01.684937+00:00,0.0
2024-06-21 04:30:00.655028+00:00,0.0
2024-06-21 04:30:00.655397+00:00,0.0
2024-06-21 04:45:01.644280+00:00,0.0
2024-06-21 04:45:01.677630+00:00,0.0
2024-06-21 05:00:02.264806+00:00,0.0
2024-06-21 05:00:02.292184+00:00,0.0
2024-06-21 05:15:01.259683+00:00,0.0
2024-06-21 05:15:01.260499+00:00,0.0
2024-06-21 05:30:02.817606+00:00,0.0
2024-06-21 05:30:02.818981+00:00,0.0
2024-06-21 05:45:03.000332+00:00,0.0
2024-06-21 05:45:03.017333+00:00,0.0
2024-06-21 06:00:03.973070+00:00,0.0
2024-06-21 06:00:03.975139+00:00,0.0
2024-06-21 06:15:03.760757+00:00,0.0
2024-06-21 06:15:03.761262+00:00,0.0
2024-06-21 06:30:01.175820+00:00,0.0
2024-06-21 06:30:01.176332+00:00,0.0
2024-06-21 06:45:02.791779+00:00,0.0
2024-06-21 06:45:02.792097+00:00,0.0
2024-06-21 07:00:00.253297+00:00,0.0
2024-06-21 07:00:00.320336+00:00,0.0
2024-06-21 07:15:02.130199+00:00,0.0
2024-06-21 07:15:02.135522+00:00,0.0
2024-06-21 07:30:03.903375+00:00,0.0
2024-06-21 07:30:03.909135+00:00,0.0
2024-06-21 09:51:30.928061+00:00,0.0
2024-06-21 09:51:38.571871+00:00,0.0
2024-06-21 09:51:44.149476+00:00,0.0
2024-06-21 09:51:49.044719+00:00,0.0
2024-06-21 09:51:53.694128+00:00,0.0
2024-06-21 09:51:56.024216+00:00,0.0
2024-06-21 09:52:01.257870+00:00,0.0
2024-06-21 09:52:05.659622+00:00,0.0
2024-06-21 09:52:06.750405+00:00,0.0
2024-06-21 09:52:10.045064+00:00,0.0
2024-06-21 09:52:13.021748+00:00,0.0
2024-06-21 09:52:13.977750+00:00,0.0
2024-06-21 09:52:16.521192+00:00,0.0
2024-06-21 09:52:18.623964+00:00,0.0
2024-06-21 09:52:19.470921+00:00,0.0
2024-06-21 09:52:24.199836+00:00,0.0
2024-06-21 09:54:29.390762+00:00,0.0
2024-06-21 09:54:29.449211+00:00,0.0
2024-06-21 09:54:35.150757+00:00,0.0
2024-06-21 09:54:36.311373+00:00,0.0
2024-06-21 09:54:36.933180+00:00,0.0
2024-06-21 09:54:37.649198+00:00,0.0
2024-06-21 09:54:40.416532+00:00,0.0
2024-06-21 09:54:42.608577+00:00,0.0
2024-06-21 09:56:55.776116+00:00,0.0
2024-06-21 09:56:57.173649+00:00,0.0
2024-06-21 10:00:03.649015+00:00,0.0
2024-06-21 10:00:03.790141+00:00,0.0
2024-06-21 10:15:01.771846+00:00,0.0
2024-06-21 10:15:01.772363+00:00,0.0
2024-06-21 10:30:02.098828+00:00,0.0
2024-06-21 10:30:02.100855+00:00,0.0
2024-06-21 10:45:03.605056+00:00,0.0
2024-06-21 10:45:03.698514+00:00,0.0
2024-06-21 11:00:01.551051+00:00,0.0
2024-06-21 11:00:01.614697+00:00,0.0
2024-06-21 11:15:00.758603+00:00,0.0
2024-06-21 11:15:00.863928+00:00,0.0
2024-06-21 11:30:00.447256+00:00,0.0
2024-06-21 11:30:00.447478+00:00,0.0
2024-06-21 11:49:43.648607+00:00,2.03
2024-06-21 11:49:49.654813+00:00,2.03
2024-06-21 12:00:48.350726+00:00,1.02
2024-06-21 12:00:48.760373+00:00,1.02
2024-06-21 12:15:34.128873+00:00,0.0
2024-06-21 12:15:34.726376+00:00,0.0
2024-06-21 12:30:26.923313+00:00,0.0
2024-06-21 12:30:29.827889+00:00,0.0
2024-06-21 14:13:00.223886+00:00,0.0
2024-06-21 14:13:10.081404+00:00,0.0
2024-06-21 14:13:12.243798+00:00,0.0
2024-06-21 14:13:17.513621+00:00,0.0
2024-06-21 14:13:59.370913+00:00,0.0
2024-06-21 14:13:59.398869+00:00,0.0
2024-06-21 14:15:04.547905+00:00,0.0
2024-06-21 14:15:04.673710+00:00,0.0
2024-06-21 14:15:51.977510+00:00,0.0
2024-06-21 14:15:56.791077+00:00,0.0
2024-06-21 14:16:01.143093+00:00,0.0
2024-06-21 14:16:04.721260+00:00,0.0
2024-06-21 14:16:11.408832+00:00,0.0
2024-06-21 14:16:13.319588+00:00,0.0
2024-06-21 14:16:18.343136+00:00,0.0
2024-06-21 14:16:22.439312+00:00,0.0
2024-06-21 14:16:26.490498+00:00,0.0
2024-06-21 14:30:01.486029+00:00,0.0
2024-06-21 14:30:01.486451+00:00,0.0
2024-06-21 14:45:03.137418+00:00,0.0
2024-06-21 14:45:03.367055+00:00,0.0
2024-06-21 15:00:03.593669+00:00,0.0
2024-06-21 15:00:03.613430+00:00,0.0
2024-06-21 15:15:01.440102+00:00,0.0
2024-06-21 15:15:01.444090+00:00,0.0
2024-06-21 15:30:02.263647+00:00,0.0
2024-06-21 15:30:02.641697+00:00,0.0
2024-06-21 15:45:00.885293+00:00,0.0
2024-06-21 15:45:00.885676+00:00,0.0
2024-06-21 16:00:03.871105+00:00,0.0
2024-06-21 16:00:03.982571+00:00,0.0
2024-06-21 16:15:03.190124+00:00,0.51
2024-06-21 16:15:03.190808+00:00,0.51
2024-06-21 16:30:01.819158+00:00,0.51
2024-06-21 16:30:01.820281+00:00,0.51
2024-06-21 16:45:03.465495+00:00,0.25
2024-06-21 16:45:03.584903+00:00,0.25
2024-06-21 17:00:03.706615+00:00,0.25
2024-06-21 17:00:03.707384+00:00,0.25
2024-06-21 17:15:01.500149+00:00,0.0
2024-06-21 17:15:01.612462+00:00,0.0
2024-06-21 17:30:04.011286+00:00,0.0
2024-06-21 17:30:04.012089+00:00,0.0
2024-06-21 17:45:02.896980+00:00,0.0
2024-06-21 17:45:03.012491+00:00,0.0
2024-06-21 18:00:00.998591+00:00,0.0
2024-06-21 18:00:01.000607+00:00,0.0
2024-06-21 18:15:00.677677+00:00,0.0
2024-06-21 18:15:00.677965+00:00,0.0
2024-06-21 18:30:04.179533+00:00,0.0
2024-06-21 18:30:04.290163+00:00,0.0
2024-06-21 18:45:18.270799+00:00,0.0
2024-06-21 18:45:18.354690+00:00,0.0
2024-06-21 19:00:05.291936+00:00,0.0
2024-06-21 19:00:06.405309+00:00,0.0
2024-06-21 19:15:00.519165+00:00,0.25
2024-06-21 19:15:00.519939+00:00,0.25
2024-06-21 19:30:00.838386+00:00,0.25
2024-06-21 19:30:00.840810+00:00,0.25
2024-06-21 19:45:04.359921+00:00,0.0
2024-06-21 19:45:04.360918+00:00,0.0
2024-06-21 20:00:03.699733+00:00,0.0
2024-06-21 20:00:03.721576+00:00,0.0
2024-06-21 20:15:01.090371+00:00,0.0
2024-06-21 20:15:01.097376+00:00,0.0
2024-06-21 20:30:04.196106+00:00,0.0
2024-06-21 20:30:04.362922+00:00,0.0
2024-06-21 20:45:02.329577+00:00,0.0
2024-06-21 20:45:02.330837+00:00,0.0
2024-06-21 21:00:03.647899+00:00,0.0
2024-06-21 21:00:03.648348+00:00,0.0
2024-06-21 21:15:02.746161+00:00,0.0
2024-06-21 21:15:02.747100+00:00,0.0
2024-06-21 21:30:04.263454+00:00,0.0
2024-06-21 21:30:04.263759+00:00,0.0
2024-06-21 21:45:01.963874+00:00,0.0
2024-06-21 21:45:02.072440+00:00,0.0
2024-06-21 22:00:00.309717+00:00,0.0
2024-06-21 22:00:00.310739+00:00,0.0
2024-06-21 22:15:02.503852+00:00,0.0
2024-06-21 22:15:02.870991+00:00,0.0
2024-06-21 22:30:03.750510+00:00,0.0
2024-06-21 22:30:03.751015+00:00,0.0
2024-06-21 22:45:03.411723+00:00,0.25
2024-06-21 22:45:03.411942+00:00,0.25
2024-06-21 23:00:00.518745+00:00,0.25
2024-06-21 23:00:00.518988+00:00,0.25
2024-06-21 23:15:14.675287+00:00,0.0
2024-06-21 23:15:14.675528+00:00,0.0
2024-06-21 23:30:00.846059+00:00,0.0
2024-06-21 23:30:00.854993+00:00,0.0
2024-06-21 23:45:00.732516+00:00,0.25
2024-06-21 23:45:00.733598+00:00,0.25
2024-06-22 00:00:05.517521+00:00,0.25
2024-06-22 00:00:05.532879+00:00,0.25
2024-06-22 00:15:00.186879+00:00,0.0
2024-06-22 00:15:00.224828+00:00,0.0
2024-06-22 00:30:03.395267+00:00,0.0
2024-06-22 00:30:03.396180+00:00,0.0
2024-06-22 01:53:44.546754+00:00,0.25
2024-06-22 01:53:49.301924+00:00,0.25
2024-06-22 01:53:52.689134+00:00,0.25
2024-06-22 01:53:59.137096+00:00,0.25
2024-06-22 01:54:04.824733+00:00,0.25
2024-06-22 01:54:09.585891+00:00,0.25
2024-06-22 01:54:13.877708+00:00,0.25
2024-06-22 01:54:17.628126+00:00,0.25
2024-06-22 01:54:20.477985+00:00,0.25
2024-06-22 01:54:26.353680+00:00,0.25
2024-06-22 01:58:22.973462+00:00,0.25
2024-06-22 01:58:27.417008+00:00,0.25
2024-06-22 02:00:04.501525+00:00,0.25
2024-06-22 02:00:04.637035+00:00,0.25
2024-06-22 02:15:02.535903+00:00,0.0
2024-06-22 02:15:02.537510+00:00,0.0
2024-06-22 02:30:05.582481+00:00,0.0
2024-06-22 02:30:05.584228+00:00,0.0
2024-06-22 02:45:02.538984+00:00,3.56
2024-06-22 02:45:02.540706+00:00,3.56
2024-06-22 03:00:03.166227+00:00,3.56
2024-06-22 03:00:03.575447+00:00,3.56
2024-06-22 03:15:00.895430+00:00,0.0
2024-06-22 03:15:00.896367+00:00,0.0
2024-06-22 03:30:02.324717+00:00,0.0
2024-06-22 03:30:02.326375+00:00,0.0
2024-06-22 03:45:01.995692+00:00,0.0
2024-06-22 03:45:02.107207+00:00,0.0
2024-06-22 04:00:04.838072+00:00,0.0
2024-06-22 04:00:04.953580+00:00,0.0
2024-06-22 04:15:02.089205+00:00,0.0
2024-06-22 04:15:02.091149+00:00,0.0
2024-06-22 04:30:00.880481+00:00,0.0
2024-06-22 04:30:00.881528+00:00,0.0
2024-06-22 04:45:02.162963+00:00,0.51
2024-06-22 04:45:02.164902+00:00,0.51
2024-06-22 05:00:03.701041+00:00,3.56
2024-06-22 05:00:03.826056+00:00,3.56
2024-06-22 05:15:02.698591+00:00,0.25
2024-06-22 05:15:02.699182+00:00,0.25
2024-06-22 05:30:04.666237+00:00,0.0
2024-06-22 05:30:04.963519+00:00,0.0
2024-06-22 08:26:04.932134+00:00,0.0
2024-06-22 08:26:05.233206+00:00,0.0
2024-06-22 08:26:22.332174+00:00,0.0
2024-06-22 08:26:22.932826+00:00,0.0
2024-06-22 08:26:24.735817+00:00,0.0
2024-06-22 08:26:25.031896+00:00,0.0
2024-06-22 08:26:36.336692+00:00,0.0
2024-06-22 08:26:37.833905+00:00,0.0
2024-06-22 08:26:38.635634+00:00,0.0
2024-06-22 08:26:39.533115+00:00,0.0
2024-06-22 08:26:50.934787+00:00,0.0
2024-06-22 08:26:52.134180+00:00,0.0
2024-06-22 08:26:52.134851+00:00,0.0
2024-06-22 08:26:52.231308+00:00,0.0
2024-06-22 09:15:52.931193+00:00,4.57
2024-06-22 09:15:59.031666+00:00,4.57
2024-06-22 09:16:08.432239+00:00,4.57
2024-06-22 09:16:13.712967+00:00,4.57
2024-06-22 09:16:14.734566+00:00,4.57
2024-06-22 09:16:14.826718+00:00,4.57
2024-06-22 09:16:16.728178+00:00,4.57
2024-06-22 09:16:22.030067+00:00,4.57
2024-06-22 09:16:30.930282+00:00,4.57
2024-06-22 09:16:30.932969+00:00,4.57
2024-06-22 09:16:42.429504+00:00,4.57
2024-06-22 09:16:42.933083+00:00,4.57
2024-06-22 09:16:44.230402+00:00,4.57
2024-06-22 09:16:58.631090+00:00,4.57
2024-06-22 09:16:59.730132+00:00,4.57
2024-06-22 09:17:06.329113+00:00,4.57
2024-06-22 09:30:02.652273+00:00,1.78
2024-06-22 09:30:02.822291+00:00,1.78
2024-06-22 09:45:00.926826+00:00,0.25
2024-06-22 09:45:00.927182+00:00,0.25
2024-06-22 10:00:04.538870+00:00,0.0
2024-06-22 10:00:04.539494+00:00,0.0
2024-06-22 10:15:03.878740+00:00,0.0
2024-06-22 10:15:03.879029+00:00,0.0
2024-06-22 10:30:01.220688+00:00,0.0
2024-06-22 10:30:01.248434+00:00,0.0
2024-06-22 10:45:08.967616+00:00,0.0
2024-06-22 10:45:09.169939+00:00,0.0
2024-06-22 11:00:03.274543+00:00,0.0
2024-06-22 11:00:03.275265+00:00,0.0
2024-06-22 11:15:03.801394+00:00,0.0
2024-06-22 11:15:03.912302+00:00,0.0
2024-06-22 11:30:04.488055+00:00,0.0
2024-06-22 11:30:04.605401+00:00,0.0
2024-06-22 11:45:02.292628+00:00,0.0
2024-06-22 11:45:02.293379+00:00,0.0
2024-06-22 12:00:02.256284+00:00,0.0
2024-06-22 12:00:02.261613+00:00,0.0
2024-06-22 12:15:04.628785+00:00,0.0
2024-06-22 12:15:04.629577+00:00,0.0
2024-06-22 12:30:03.096202+00:00,0.0
2024-06-22 12:30:03.097305+00:00,0.0
2024-06-22 12:45:01.958617+00:00,0.0
2024-06-22 12:45:01.958879+00:00,0.0
2024-06-22 13:00:04.514974+00:00,0.0
2024-06-22 13:00:04.901731+00:00,0.0
2024-06-22 13:15:01.461072+00:00,0.0
2024-06-22 13:15:01.570775+00:00,0.0
2024-06-22 13:30:00.302113+00:00,0.0
2024-06-22 13:30:00.351682+00:00,0.0
2024-06-22 13:45:01.589617+00:00,0.0
2024-06-22 13:45:01.849512+00:00,0.0
2024-06-22 14:00:03.801523+00:00,0.0
2024-06-22 14:00:04.075740+00:00,0.0
2024-06-22 14:15:02.450847+00:00,0.0
2024-06-22 14:15:02.715980+00:00,0.0
2024-06-22 14:30:05.450134+00:00,0.0
2024-06-22 14:30:05.455119+00:00,0.0
2024-06-22 14:45:02.747881+00:00,0.0
2024-06-22 14:45:02.863938+00:00,0.0
2024-06-22 15:00:00.751411+00:00,0.0
2024-06-22 15:00:00.771535+00:00,0.0
2024-06-22 15:15:02.042434+00:00,0.0
2024-06-22 15:15:02.043132+00:00,0.0
2024-06-22 15:30:02.668538+00:00,0.0
2024-06-22 15:30:02.780470+00:00,0.0
2024-06-22 15:45:00.353339+00:00,0.0
2024-06-22 15:45:00.396752+00:00,0.0
2024-06-22 16:00:01.142612+00:00,0.0
2024-06-22 16:00:01.143563+00:00,0.0
2024-06-22 16:15:05.029049+00:00,0.0
2024-06-22 16:15:05.031241+00:00,0.0
2024-06-22 16:30:06.345608+00:00,0.0
2024-06-22 16:30:06.378028+00:00,0.0
2024-06-22 16:45:02.181801+00:00,0.0
2024-06-22 16:45:02.183054+00:00,0.0
2024-06-22 17:00:01.145107+00:00,0.0
2024-06-22 17:00:01.262387+00:00,0.0
2024-06-22 17:15:02.850029+00:00,0.0
2024-06-22 17:15:02.959587+00:00,0.0
2024-06-22 17:30:03.227395+00:00,0.0
2024-06-22 17:30:03.318764+00:00,0.0
2024-06-22 17:46:26.763764+00:00,0.0
2024-06-22 17:46:27.093125+00:00,0.0
2024-06-22 18:01:53.714814+00:00,0.0
2024-06-22 18:01:53.744556+00:00,0.0
2024-06-22 18:15:55.408213+00:00,0.0
2024-06-22 18:15:58.319108+00:00,0.0
2024-06-22 18:32:29.727521+00:00,0.0
2024-06-22 18:32:29.983789+00:00,0.0
2024-06-22 18:46:03.796380+00:00,0.0
2024-06-22 18:46:03.904319+00:00,0.0
2024-06-22 19:00:18.390423+00:00,0.0
2024-06-22 19:00:18.494798+00:00,0.0
2024-06-22 19:16:19.298578+00:00,0.0
2024-06-22 19:16:19.299034+00:00,0.0
2024-06-22 19:31:19.272901+00:00,0.0
2024-06-22 19:31:19.509267+00:00,0.0
2024-06-22 19:45:54.802685+00:00,0.0
2024-06-22 20:03:28.195670+00:00,0.0
2024-06-22 20:07:42.853330+00:00,0.0
2024-06-22 20:17:24.975358+00:00,0.0
2024-06-22 20:30:00.400979+00:00,0.0
2024-06-22 20:30:54.787385+00:00,0.0
2024-06-22 20:31:02.981142+00:00,0.0
2024-06-22 20:31:05.149867+00:00,0.0
2024-06-22 20:45:02.545651+00:00,0.0
2024-06-22 20:45:02.547575+00:00,0.0
2024-06-22 21:00:00.888989+00:00,0.0
2024-06-22 21:00:00.983982+00:00,0.0
2024-06-22 21:15:01.916790+00:00,0.0
2024-06-22 21:15:01.917452+00:00,0.0
2024-06-22 21:30:01.983251+00:00,0.0
2024-06-22 21:30:01.984144+00:00,0.0
2024-06-22 21:45:00.313116+00:00,0.0
2024-06-22 21:45:00.314318+00:00,0.0
2024-06-22 22:00:00.421878+00:00,0.0
2024-06-22 22:00:00.429429+00:00,0.0
2024-06-22 22:15:03.288024+00:00,0.0
2024-06-22 22:15:03.393957+00:00,0.0
2024-06-22 22:30:01.482982+00:00,0.0
2024-06-22 22:30:01.709014+00:00,0.0
2024-06-22 22:45:04.959813+00:00,0.0
2024-06-22 22:45:05.555818+00:00,0.0
2024-06-22 23:00:01.499087+00:00,0.0
2024-06-22 23:00:01.586895+00:00,0.0
2024-06-22 23:15:04.263322+00:00,0.0
2024-06-22 23:15:04.447149+00:00,0.0
2024-06-22 23:30:01.121904+00:00,0.0
2024-06-22 23:30:01.230520+00:00,0.0
2024-06-22 23:45:06.062000+00:00,0.0
2024-06-22 23:45:06.062657+00:00,0.0
2024-06-23 00:00:00.180075+00:00,0.0
2024-06-23 00:00:00.348280+00:00,0.0
2024-06-23 00:15:02.782879+00:00,0.0
2024-06-23 00:15:02.860598+00:00,0.0
2024-06-23 00:30:01.323832+00:00,0.0
2024-06-23 00:30:01.344540+00:00,0.0
2024-06-23 00:45:04.558788+00:00,0.0
2024-06-23 00:45:05.058991+00:00,0.0
2024-06-23 01:00:01.366471+00:00,0.0
2024-06-23 01:00:01.759355+00:00,0.0
2024-06-23 01:15:03.905007+00:00,0.0
2024-06-23 01:15:03.905402+00:00,0.0
2024-06-23 01:30:01.442266+00:00,0.0
2024-06-23 01:30:01.445069+00:00,0.0
2024-06-23 01:54:31.161189+00:00,0.0
2024-06-23 01:54:31.163135+00:00,0.0
2024-06-23 02:00:37.046084+00:00,0.0
2024-06-23 02:00:37.046252+00:00,0.0
2024-06-23 02:17:02.984345+00:00,0.0
2024-06-23 02:17:07.293891+00:00,0.0
2024-06-23 02:32:24.339744+00:00,0.0
2024-06-23 02:32:28.607851+00:00,0.0
2024-06-23 02:47:47.932855+00:00,0.0
2024-06-23 03:01:33.017054+00:00,0.0
2024-06-23 03:16:33.118988+00:00,0.0
2024-06-23 03:31:47.316039+00:00,0.0
2024-06-23 03:46:05.161227+00:00,0.51
2024-06-23 03:53:08.787225+00:00,0.51
2024-06-23 03:53:12.695657+00:00,0.51
2024-06-23 03:53:16.611429+00:00,0.51
2024-06-23 03:53:20.521463+00:00,0.51
2024-06-23 03:53:24.484262+00:00,0.51
2024-06-23 03:53:28.383181+00:00,0.51
2024-06-23 04:00:04.745392+00:00,0.51
2024-06-23 04:00:04.746757+00:00,0.51
2024-06-23 04:15:03.920026+00:00,0.0
2024-06-23 04:15:03.920602+00:00,0.0
2024-06-23 04:30:03.897384+00:00,0.0
2024-06-23 04:30:03.899311+00:00,0.0
2024-06-23 04:45:04.091693+00:00,0.0
2024-06-23 04:45:04.091934+00:00,0.0
2024-06-23 05:00:04.134979+00:00,0.0
2024-06-23 05:00:04.137247+00:00,0.0
2024-06-23 05:15:04.075048+00:00,0.0
2024-06-23 05:15:04.075710+00:00,0.0
2024-06-23 05:30:03.941342+00:00,0.0
2024-06-23 05:30:03.942093+00:00,0.0
2024-06-23 05:45:03.815896+00:00,0.0
2024-06-23 05:45:03.839775+00:00,0.0
2024-06-23 06:00:04.011563+00:00,0.0
2024-06-23 06:00:04.012604+00:00,0.0
2024-06-23 06:15:03.933252+00:00,0.0
2024-06-23 06:15:03.933675+00:00,0.0
2024-06-23 06:30:03.913648+00:00,0.0
2024-06-23 06:30:03.914032+00:00,0.0
2024-06-23 06:45:03.789849+00:00,0.0
2024-06-23 06:45:03.790348+00:00,0.0
2024-06-23 07:00:04.000337+00:00,0.0
2024-06-23 07:00:04.000851+00:00,0.0
2024-06-23 07:15:04.052331+00:00,0.0
2024-06-23 07:15:04.054592+00:00,0.0
2024-06-23 07:30:03.795571+00:00,0.0
2024-06-23 07:30:03.829494+00:00,0.0
2024-06-23 07:45:03.749993+00:00,0.0
2024-06-23 07:45:03.751215+00:00,0.0
2024-06-23 08:00:04.174755+00:00,0.0
2024-06-23 08:00:04.189184+00:00,0.0
2024-06-23 08:15:03.728971+00:00,0.0
2024-06-23 08:15:03.833573+00:00,0.0
2024-06-23 08:30:03.770868+00:00,0.0
2024-06-23 08:30:03.771340+00:00,0.0
2024-06-23 08:45:03.779710+00:00,0.0
2024-06-23 08:45:03.780213+00:00,0.0
2024-06-23 09:00:04.044586+00:00,0.0
2024-06-23 09:00:04.151763+00:00,0.0
2024-06-23 09:15:04.073722+00:00,0.0
2024-06-23 09:15:04.074198+00:00,0.0
2024-06-23 09:30:03.820900+00:00,0.0
2024-06-23 09:30:03.862237+00:00,0.0
2024-06-23 09:45:03.833649+00:00,0.0
2024-06-23 09:45:03.836613+00:00,0.0
2024-06-23 10:00:04.064723+00:00,0.0
2024-06-23 10:00:04.074249+00:00,0.0
2024-06-23 10:15:03.809024+00:00,0.0
2024-06-23 10:15:03.816791+00:00,0.0
2024-06-23 10:30:04.002365+00:00,0.0
2024-06-23 10:30:04.002757+00:00,0.0
2024-06-23 10:46:51.296862+00:00,0.0
2024-06-23 10:46:58.095533+00:00,0.0
2024-06-23 11:02:13.390103+00:00,0.0
2024-06-23 11:02:19.825304+00:00,0.0
2024-06-23 11:16:43.638317+00:00,0.0
2024-06-23 11:16:48.051405+00:00,0.0
2024-06-23 11:31:32.148890+00:00,0.0
2024-06-23 11:32:58.245590+00:00,0.0
2024-06-23 11:45:03.832297+00:00,0.0
2024-06-23 11:45:03.832701+00:00,0.0
2024-06-23 12:00:04.348389+00:00,0.0
2024-06-23 12:00:04.349807+00:00,0.0
2024-06-23 12:15:03.739889+00:00,0.0
2024-06-23 12:15:03.844037+00:00,0.0
2024-06-23 12:30:04.064407+00:00,0.0
2024-06-23 12:30:04.071209+00:00,0.0
2024-06-23 12:45:03.803766+00:00,0.0
2024-06-23 12:45:03.805394+00:00,0.0
2024-06-23 13:00:03.977796+00:00,0.0
2024-06-23 13:00:03.978100+00:00,0.0
2024-06-23 13:15:03.854266+00:00,0.0
2024-06-23 13:15:03.960590+00:00,0.0
2024-06-23 13:30:04.273689+00:00,0.0
2024-06-23 13:30:04.274010+00:00,0.0
2024-06-23 13:45:03.826437+00:00,0.0
2024-06-23 13:45:03.826814+00:00,0.0
2024-06-23 14:00:04.235948+00:00,0.0
2024-06-23 14:00:04.347534+00:00,0.0
2024-06-23 14:15:03.930736+00:00,0.0
2024-06-23 14:15:04.028678+00:00,0.0
2024-06-23 14:30:04.206988+00:00,0.0
2024-06-23 14:30:04.258155+00:00,0.0
2024-06-23 14:45:03.806063+00:00,0.25
2024-06-23 14:45:03.826396+00:00,0.25
2024-06-23 15:00:04.041152+00:00,0.0
2024-06-23 15:00:04.147881+00:00,0.0
2024-06-23 15:15:03.799632+00:00,0.0
2024-06-23 15:15:03.799871+00:00,0.0
2024-06-23 15:30:04.072852+00:00,0.0
2024-06-23 15:30:04.086477+00:00,0.0
2024-06-23 15:45:03.831701+00:00,0.0
2024-06-23 15:45:03.929734+00:00,0.0
2024-06-23 16:00:04.233574+00:00,0.0
2024-06-23 16:00:04.250186+00:00,0.0
2024-06-23 16:15:07.605791+00:00,0.0
2024-06-23 16:15:07.811992+00:00,0.0
2024-06-23 16:30:04.084734+00:00,0.0
2024-06-23 16:30:04.190317+00:00,0.0
2024-06-23 16:45:03.901294+00:00,0.0
2024-06-23 16:45:03.912164+00:00,0.0
2024-06-23 17:00:04.025883+00:00,0.0
2024-06-23 17:00:04.032184+00:00,0.0
2024-06-23 17:15:03.803606+00:00,0.0
2024-06-23 17:15:03.804090+00:00,0.0
2024-06-23 17:30:04.111155+00:00,0.0
2024-06-23 17:30:04.111541+00:00,0.0
2024-06-23 17:45:03.807873+00:00,0.0
2024-06-23 17:45:03.811497+00:00,0.0
2024-06-23 18:00:04.405690+00:00,0.0
2024-06-23 18:00:04.410631+00:00,0.0
2024-06-23 18:15:03.817826+00:00,0.0
2024-06-23 18:15:03.818350+00:00,0.0
2024-06-23 18:30:04.164628+00:00,0.0
2024-06-23 18:30:04.165809+00:00,0.0
2024-06-23 18:45:03.835389+00:00,0.0
2024-06-23 18:45:03.836027+00:00,0.0
2024-06-23 19:00:03.963935+00:00,0.0
2024-06-23 19:00:03.964347+00:00,0.0
2024-06-23 19:15:03.849927+00:00,0.0
2024-06-23 19:15:03.857562+00:00,0.0
2024-06-23 19:30:03.851289+00:00,0.0
2024-06-23 19:30:03.885668+00:00,0.0
2024-06-23 19:45:03.814994+00:00,0.0
2024-06-23 19:45:03.816621+00:00,0.0
2024-06-23 20:00:03.959268+00:00,0.0
2024-06-23 20:00:04.071435+00:00,0.0
2024-06-23 20:15:03.858584+00:00,0.0
2024-06-23 20:15:03.870728+00:00,0.0
2024-06-23 20:30:03.892987+00:00,0.0
2024-06-23 20:30:03.980757+00:00,0.0
2024-06-23 20:45:03.996966+00:00,0.0
2024-06-23 20:45:03.997218+00:00,0.0
2024-06-23 21:00:03.869506+00:00,0.0
2024-06-23 21:00:03.870695+00:00,0.0
2024-06-23 21:15:03.851378+00:00,0.0
2024-06-23 21:15:03.855158+00:00,0.0
2024-06-23 21:30:03.960831+00:00,0.0
2024-06-23 21:30:03.961153+00:00,0.0
2024-06-23 21:50:40.794391+00:00,0.0
2024-06-23 22:00:16.759857+00:00,0.0
2024-06-23 22:10:03.078649+00:00,0.0
2024-06-23 22:20:14.109779+00:00,0.0
2024-06-23 22:30:38.052293+00:00,0.0
2024-06-23 22:42:42.521150+00:00,0.0
2024-06-24 00:03:34.484789+00:00,0.0
2024-06-24 00:29:30.705724+00:00,0.0
2024-06-24 00:29:30.706020+00:00,0.0
2024-06-24 00:29:35.060100+00:00,0.0
2024-06-24 00:29:35.061215+00:00,0.0
2024-06-24 00:29:39.063393+00:00,0.0
2024-06-24 00:29:39.064773+00:00,0.0
2024-06-24 00:29:43.169888+00:00,0.0
2024-06-24 00:29:43.176195+00:00,0.0
2024-06-24 00:29:47.177033+00:00,0.0
2024-06-24 00:29:51.198405+00:00,0.0
2024-06-24 00:29:55.378327+00:00,0.0
2024-06-24 00:29:59.035609+00:00,0.0
2024-06-24 00:30:03.127986+00:00,0.0
2024-06-24 00:30:07.228288+00:00,0.0
2024-06-24 00:30:11.280896+00:00,0.0
2024-06-24 00:30:15.320403+00:00,0.0
2024-06-24 00:30:19.363007+00:00,0.0
2024-06-24 00:45:04.097571+00:00,0.0
2024-06-24 00:45:04.210281+00:00,0.0
2024-06-24 01:00:05.605292+00:00,0.0
2024-06-24 01:00:05.712866+00:00,0.0
2024-06-24 01:15:05.007721+00:00,0.0
2024-06-24 01:15:05.008093+00:00,0.0
2024-06-24 01:30:04.315642+00:00,0.0
2024-06-24 01:30:04.315999+00:00,0.0
2024-06-24 01:45:04.614510+00:00,0.0
2024-06-24 01:45:04.726800+00:00,0.0
2024-06-24 02:00:04.799728+00:00,0.0
2024-06-24 02:00:04.840856+00:00,0.0
2024-06-24 02:15:04.992990+00:00,0.0
2024-06-24 02:15:04.994994+00:00,0.0
2024-06-24 02:30:05.692159+00:00,0.0
2024-06-24 02:30:05.741243+00:00,0.0
2024-06-24 02:45:05.071920+00:00,0.0
2024-06-24 02:45:05.177719+00:00,0.0
2024-06-24 03:00:04.875778+00:00,0.0
2024-06-24 03:00:05.155395+00:00,0.0
2024-06-24 03:15:13.110685+00:00,0.0
2024-06-24 03:15:13.111039+00:00,0.0
2024-06-24 03:30:04.429250+00:00,0.0
2024-06-24 03:30:04.591886+00:00,0.0
2024-06-24 03:45:04.655292+00:00,0.0
2024-06-24 03:45:04.763193+00:00,0.0
2024-06-24 04:00:04.464258+00:00,0.0
2024-06-24 04:00:04.574829+00:00,0.0
2024-06-24 04:15:05.172151+00:00,0.0
2024-06-24 04:15:05.174061+00:00,0.0
2024-06-24 04:30:04.381727+00:00,0.0
2024-06-24 04:30:04.568001+00:00,0.0
2024-06-24 04:45:04.849823+00:00,0.0
2024-06-24 04:45:04.954041+00:00,0.0
2024-06-24 05:00:05.394630+00:00,0.0
2024-06-24 05:00:05.395103+00:00,0.0
2024-06-24 05:15:04.306024+00:00,0.0
2024-06-24 05:15:04.427152+00:00,0.0
2024-06-24 05:30:04.502124+00:00,0.0
2024-06-24 05:30:04.611514+00:00,0.0
2024-06-24 05:45:04.104724+00:00,0.0
2024-06-24 05:45:04.216494+00:00,0.0
2024-06-24 06:00:04.541786+00:00,0.0
2024-06-24 06:00:04.581961+00:00,0.0
2024-06-24 06:15:04.418332+00:00,0.0
2024-06-24 06:15:04.553563+00:00,0.0
2024-06-24 06:30:04.365172+00:00,0.0
2024-06-24 06:30:04.464736+00:00,0.0
2024-06-24 06:45:04.626050+00:00,0.0
2024-06-24 06:45:04.627382+00:00,0.0
2024-06-24 07:00:10.824604+00:00,0.0
2024-06-24 07:00:10.969477+00:00,0.0
2024-06-24 07:15:05.475794+00:00,0.0
2024-06-24 07:15:05.548681+00:00,0.0
2024-06-24 07:30:07.170566+00:00,0.0
2024-06-24 07:30:07.332860+00:00,0.0
2024-06-24 07:45:04.461420+00:00,0.0
2024-06-24 07:45:04.462174+00:00,0.0
2024-06-24 08:00:04.693510+00:00,0.0
2024-06-24 08:00:04.912641+00:00,0.0
2024-06-24 08:15:05.049560+00:00,0.0
2024-06-24 08:15:05.161252+00:00,0.0
2024-06-24 08:30:04.679765+00:00,0.0
2024-06-24 08:30:04.681281+00:00,0.0
2024-06-24 08:45:04.558536+00:00,0.0
2024-06-24 08:45:04.643789+00:00,0.0
2024-06-24 09:00:04.938388+00:00,0.0
2024-06-24 09:00:05.043602+00:00,0.0
2024-06-24 09:15:04.535040+00:00,0.0
2024-06-24 09:15:04.539207+00:00,0.0
2024-06-24 09:30:04.560667+00:00,0.0
2024-06-24 09:30:04.561351+00:00,0.0
2024-06-24 09:45:04.338589+00:00,0.0
2024-06-24 09:45:04.446383+00:00,0.0
2024-06-24 10:00:05.003333+00:00,0.0
2024-06-24 10:00:05.004116+00:00,0.0
2024-06-24 10:15:05.207321+00:00,0.0
2024-06-24 10:15:05.209732+00:00,0.0
2024-06-24 10:30:04.799394+00:00,0.0
2024-06-24 10:30:04.800905+00:00,0.0
2024-06-24 10:45:04.718934+00:00,0.0
2024-06-24 10:45:05.050316+00:00,0.0
2024-06-24 11:00:04.231578+00:00,0.0
2024-06-24 11:00:04.243394+00:00,0.0
2024-06-24 11:15:04.613740+00:00,0.0
2024-06-24 11:15:04.614122+00:00,0.0
2024-06-24 11:30:05.126624+00:00,0.0
2024-06-24 11:30:05.127251+00:00,0.0
2024-06-24 11:45:04.843951+00:00,0.0
2024-06-24 11:45:04.958019+00:00,0.0
2024-06-24 12:00:05.853655+00:00,0.0
2024-06-24 12:00:05.965911+00:00,0.0
2024-06-24 12:15:04.707568+00:00,0.0
2024-06-24 12:15:04.708361+00:00,0.0
2024-06-24 12:30:04.959883+00:00,0.0
2024-06-24 12:30:04.960252+00:00,0.0
2024-06-24 12:45:04.243516+00:00,0.0
2024-06-24 12:45:04.352374+00:00,0.0
2024-06-24 13:00:04.804216+00:00,0.0
2024-06-24 13:00:04.809504+00:00,0.0
2024-06-24 13:15:04.871286+00:00,0.0
2024-06-24 13:15:04.872633+00:00,0.0
2024-06-24 13:30:03.893417+00:00,0.0
2024-06-24 13:30:03.894343+00:00,0.0
2024-06-24 13:45:04.953908+00:00,0.0
2024-06-24 13:45:04.955779+00:00,0.0
2024-06-24 14:00:04.677500+00:00,0.0
2024-06-24 14:00:04.899389+00:00,0.0
2024-06-24 14:15:05.121148+00:00,0.0
2024-06-24 14:15:05.121600+00:00,0.0
2024-06-24 14:30:04.397521+00:00,0.0
2024-06-24 14:30:04.507471+00:00,0.0
2024-06-24 14:45:04.598984+00:00,0.0
2024-06-24 14:45:04.604431+00:00,0.0
2024-06-24 15:00:04.571257+00:00,0.0
2024-06-24 15:00:04.601871+00:00,0.0
2024-06-24 15:15:04.858581+00:00,0.0
2024-06-24 15:15:04.858956+00:00,0.0
2024-06-24 15:30:04.534615+00:00,0.0
2024-06-24 15:30:04.847049+00:00,0.0
2024-06-24 15:45:04.695047+00:00,0.0
2024-06-24 15:45:04.803872+00:00,0.0
2024-06-24 16:00:05.319492+00:00,0.0
2024-06-24 16:00:05.322157+00:00,0.0
2024-06-24 16:15:04.803093+00:00,0.0
2024-06-24 16:15:04.803609+00:00,0.0
2024-06-24 16:30:05.552302+00:00,0.0
2024-06-24 16:30:05.565450+00:00,0.0
2024-06-24 16:45:04.239872+00:00,0.0
2024-06-24 16:45:04.240103+00:00,0.0
2024-06-24 17:00:04.884193+00:00,0.0
2024-06-24 17:00:04.888209+00:00,0.0
2024-06-24 17:15:04.681338+00:00,0.0
2024-06-24 17:15:04.681586+00:00,0.0
2024-06-24 17:30:04.852472+00:00,0.0
2024-06-24 17:30:04.853021+00:00,0.0
2024-06-24 17:45:04.365606+00:00,0.0
2024-06-24 17:45:04.472339+00:00,0.0
2024-06-24 18:00:04.275833+00:00,0.0
2024-06-24 18:00:04.276617+00:00,0.0
2024-06-24 18:15:04.699079+00:00,0.0
2024-06-24 18:15:04.699331+00:00,0.0
2024-06-24 18:30:04.683564+00:00,0.0
2024-06-24 18:30:04.800321+00:00,0.0
2024-06-24 19:22:19.311765+00:00,0.0
2024-06-24 19:22:19.312010+00:00,0.0
2024-06-24 19:22:23.680338+00:00,0.0
2024-06-24 19:28:52.564750+00:00,0.0
2024-06-24 19:30:03.707239+00:00,0.0
2024-06-24 19:45:04.069470+00:00,0.0
2024-06-24 20:00:04.765013+00:00,0.0
2024-06-24 20:15:04.289626+00:00,0.0
2024-06-24 20:30:04.741164+00:00,0.0
2024-06-24 20:45:04.458013+00:00,0.0
2024-06-24 21:00:04.195170+00:00,0.0
2024-06-24 21:15:05.238422+00:00,0.0
2024-06-24 21:30:04.496830+00:00,0.0
2024-06-24 21:45:04.407375+00:00,0.0
2024-06-24 22:00:04.925857+00:00,0.0
2024-06-24 22:15:04.969529+00:00,0.0
2024-06-24 22:30:04.399300+00:00,0.0
2024-06-24 22:45:04.868765+00:00,0.0
2024-06-24 23:00:05.676574+00:00,0.0
2024-06-24 23:15:04.347810+00:00,0.0
2024-06-24 23:30:04.730024+00:00,0.0
2024-06-24 23:45:04.712140+00:00,0.0
2024-06-25 00:00:05.377353+00:00,0.0
2024-06-25 00:15:04.547451+00:00,0.0
2024-06-25 00:30:04.647750+00:00,0.0
2024-06-25 00:45:04.006207+00:00,0.0
2024-06-25 01:00:04.813533+00:00,0.0
2024-06-25 01:15:04.816822+00:00,0.0
2024-06-25 01:30:03.890934+00:00,0.0
2024-06-25 01:45:05.186346+00:00,0.0
2024-06-25 02:00:04.891097+00:00,0.0
2024-06-25 02:15:03.829117+00:00,0.0
2024-06-25 02:30:04.395540+00:00,0.0
2024-06-25 02:45:04.819633+00:00,0.0
2024-06-25 03:00:04.723492+00:00,0.0
2024-06-25 03:15:04.948481+00:00,0.0
2024-06-25 03:30:04.380704+00:00,0.0
2024-06-25 03:45:04.733600+00:00,0.0
2024-06-25 04:00:05.038575+00:00,0.0
2024-06-25 04:15:04.373177+00:00,0.0
2024-06-25 04:30:04.718164+00:00,0.0
2024-06-25 04:45:04.471830+00:00,0.0
2024-06-25 05:00:05.407517+00:00,0.0
2024-06-25 05:15:04.165871+00:00,0.0
2024-06-25 05:30:04.612327+00:00,0.0
2024-06-25 05:45:04.644241+00:00,0.0
2024-06-25 06:00:04.863735+00:00,0.0
2024-06-25 06:15:05.289977+00:00,0.0
2024-06-25 06:30:04.459221+00:00,0.0
2024-06-25 06:45:04.577284+00:00,0.0
2024-06-25 07:00:05.683301+00:00,0.0
2024-06-25 07:15:04.519590+00:00,0.0
2024-06-25 07:30:04.369824+00:00,0.0
2024-06-25 07:45:04.154088+00:00,0.0
2024-06-25 08:00:04.775421+00:00,0.0
2024-06-25 08:15:05.044301+00:00,0.0
2024-06-25 08:30:04.868774+00:00,0.0
2024-06-25 08:45:04.836946+00:00,0.0
2024-06-25 09:00:04.952088+00:00,0.0
2024-06-25 09:15:04.203319+00:00,0.0
2024-06-25 09:30:04.916526+00:00,0.0
2024-06-25 09:45:10.014535+00:00,0.0
2024-06-25 10:00:04.616500+00:00,0.0
2024-06-25 10:15:04.415415+00:00,0.0
2024-06-25 10:30:04.640225+00:00,0.0
2024-06-25 10:45:04.652722+00:00,0.0
2024-06-25 11:00:04.625830+00:00,0.0
2024-06-25 11:15:05.076047+00:00,0.0
2024-06-25 11:30:04.957032+00:00,0.0
2024-06-25 11:45:04.974241+00:00,0.0
2024-06-25 12:00:04.749239+00:00,0.0
2024-06-25 12:15:04.685050+00:00,0.0
2024-06-25 12:30:04.556496+00:00,0.0
2024-06-25 12:45:04.207591+00:00,0.0
2024-06-25 13:00:04.706496+00:00,0.0
2024-06-25 13:15:04.761210+00:00,0.0
2024-06-25 13:30:04.622366+00:00,0.0
2024-06-25 13:45:04.622870+00:00,0.0
2024-06-25 14:00:04.258619+00:00,0.0
2024-06-25 14:15:04.839298+00:00,0.0
2024-06-25 14:30:04.852775+00:00,0.0
2024-06-25 14:45:04.665172+00:00,0.0
2024-06-25 15:00:04.596107+00:00,0.0
2024-06-25 15:15:04.734064+00:00,0.0
2024-06-25 15:30:05.151368+00:00,0.0
2024-06-25 15:45:05.872665+00:00,0.0
2024-06-25 16:00:04.166661+00:00,0.0
2024-06-25 16:15:05.425937+00:00,0.0
2024-06-25 16:30:06.052802+00:00,0.0
2024-06-25 16:45:04.344608+00:00,0.0
2024-06-25 17:00:05.475601+00:00,0.0
2024-06-25 17:15:04.309512+00:00,0.25
2024-06-25 17:30:04.385252+00:00,1.52
2024-06-25 17:45:04.605842+00:00,0.0
2024-06-25 18:00:04.998597+00:00,0.25
2024-06-25 18:15:04.764416+00:00,0.0
2024-06-25 18:30:04.515658+00:00,0.0
2024-06-25 18:45:04.362924+00:00,0.0
2024-06-25 19:00:04.836818+00:00,0.0
2024-06-25 19:15:04.300183+00:00,0.0
2024-06-25 19:30:03.919391+00:00,0.0
2024-06-25 19:45:04.634417+00:00,0.0
2024-06-25 20:00:05.187737+00:00,0.0
2024-06-25 20:15:04.437055+00:00,0.0
2024-06-25 20:30:04.404880+00:00,0.0
2024-06-25 20:45:04.178424+00:00,0.0
2024-06-25 21:00:04.566605+00:00,0.0
2024-06-25 21:15:04.559317+00:00,0.0
2024-06-25 21:30:04.195442+00:00,0.0
2024-06-25 21:45:04.580443+00:00,0.0
2024-06-25 22:00:04.695204+00:00,0.51
2024-06-25 22:15:04.161334+00:00,0.25
2024-06-25 22:30:05.722666+00:00,0.0
2024-06-25 22:45:04.780355+00:00,0.76
2024-06-25 23:00:04.433338+00:00,1.27
2024-06-25 23:15:04.296086+00:00,1.78
2024-06-25 23:30:05.068807+00:00,2.29
2024-06-25 23:45:04.931003+00:00,0.76
2024-06-26 00:00:05.403951+00:00,0.51
2024-06-26 00:15:04.437580+00:00,0.0
2024-06-26 00:30:04.884297+00:00,0.25
2024-06-26 00:45:04.444431+00:00,0.0
2024-06-26 01:00:05.122543+00:00,0.0
2024-06-26 01:15:04.780804+00:00,0.0
2024-06-26 01:30:04.646876+00:00,0.0
2024-06-26 01:45:05.563964+00:00,0.0
2024-06-26 02:00:04.568685+00:00,0.0
2024-06-26 02:15:04.959205+00:00,0.0
2024-06-26 02:30:05.169742+00:00,0.0
2024-06-26 02:45:04.500269+00:00,0.0
2024-06-26 03:00:04.255206+00:00,0.0
2024-06-26 03:15:04.515449+00:00,0.0
2024-06-26 03:30:04.305619+00:00,0.0
2024-06-26 03:45:05.337661+00:00,0.0
2024-06-26 04:00:04.356203+00:00,0.0
2024-06-26 04:15:04.479633+00:00,0.0
2024-06-26 04:30:04.726349+00:00,0.0
2024-06-26 04:45:05.229463+00:00,1.27
2024-06-26 05:00:04.925804+00:00,1.27
2024-06-26 05:15:04.912694+00:00,0.0
2024-06-26 05:30:04.356355+00:00,0.0
2024-06-26 05:45:04.257662+00:00,0.0
2024-06-26 06:00:04.174536+00:00,0.0
2024-06-26 06:15:05.260748+00:00,0.0
2024-06-26 06:30:04.162144+00:00,0.0
2024-06-26 06:45:04.820789+00:00,0.0
2024-06-26 07:00:04.604578+00:00,0.0
2024-06-26 07:15:04.655700+00:00,0.0
2024-06-26 07:30:04.455096+00:00,0.0
2024-06-26 07:45:04.524398+00:00,0.0
2024-06-26 08:00:04.530640+00:00,0.0
2024-06-26 08:15:05.258730+00:00,0.0
2024-06-26 08:30:05.366529+00:00,0.0
2024-06-26 08:45:04.910341+00:00,2.54
2024-06-26 09:00:04.321386+00:00,2.54
2024-06-26 09:15:04.257684+00:00,0.0
2024-06-26 09:30:04.635690+00:00,0.0
2024-06-26 09:45:04.501354+00:00,0.0
2024-06-26 10:00:06.569166+00:00,0.0
2024-06-26 10:15:04.604223+00:00,0.0
2024-06-26 10:30:04.374600+00:00,0.0
2024-06-26 10:45:04.363525+00:00,0.0
2024-06-26 11:00:05.214720+00:00,0.0
2024-06-26 11:15:04.363848+00:00,0.0
2024-06-26 11:30:04.254598+00:00,0.0
2024-06-26 11:45:04.993569+00:00,0.0
2024-06-26 12:00:04.225018+00:00,0.0
2024-06-26 12:15:04.960753+00:00,0.0
2024-06-26 12:30:05.049580+00:00,0.0
2024-06-26 12:45:04.655801+00:00,0.0
2024-06-26 13:00:04.268166+00:00,0.0
2024-06-26 13:15:04.442586+00:00,0.0
2024-06-26 13:30:04.979407+00:00,0.0
2024-06-26 13:45:04.676429+00:00,0.0
2024-06-26 14:00:05.330418+00:00,0.0
2024-06-26 14:15:04.765523+00:00,0.0
2024-06-26 14:30:04.970278+00:00,0.25
2024-06-26 14:45:04.336702+00:00,0.25
2024-06-26 15:00:07.550430+00:00,0.25
2024-06-26 15:15:04.400378+00:00,0.25
2024-06-26 15:30:05.054306+00:00,0.0
2024-06-26 15:45:05.001949+00:00,0.0
2024-06-26 16:00:04.376042+00:00,0.51
2024-06-26 16:15:04.353983+00:00,0.51
2024-06-26 16:30:04.586103+00:00,0.0
2024-06-26 16:45:04.664405+00:00,0.0
2024-06-26 17:00:05.056516+00:00,0.25
2024-06-26 17:15:04.832911+00:00,0.25
2024-06-26 17:30:04.251694+00:00,0.51
2024-06-26 17:45:05.522095+00:00,0.51
2024-06-26 18:00:04.817163+00:00,0.0
2024-06-26 18:15:04.582932+00:00,0.0
2024-06-26 18:30:04.574122+00:00,0.0
2024-06-26 18:45:05.160913+00:00,0.0
2024-06-26 19:00:04.641756+00:00,0.0
2024-06-26 19:15:04.858082+00:00,0.0
2024-06-26 19:30:05.769519+00:00,0.0
2024-06-26 19:45:04.694138+00:00,0.0
2024-06-26 20:00:04.942086+00:00,0.0
2024-06-26 20:15:04.776935+00:00,0.0
2024-06-26 20:30:04.116489+00:00,0.0
2024-06-26 20:45:05.257900+00:00,0.0
2024-06-26 21:00:04.785989+00:00,0.0
2024-06-26 21:15:04.783854+00:00,0.0
2024-06-26 21:30:04.325210+00:00,0.0
2024-06-26 21:45:04.751358+00:00,0.0
2024-06-26 22:00:05.553327+00:00,0.0
2024-06-26 22:15:04.454368+00:00,0.0
2024-06-26 22:30:04.261092+00:00,0.0
2024-06-26 22:45:04.954128+00:00,0.0
2024-06-26 23:00:04.751132+00:00,0.0
2024-06-26 23:15:05.026418+00:00,0.0
2024-06-26 23:30:04.478617+00:00,0.0
2024-06-26 23:45:04.928855+00:00,0.0
2024-06-27 00:00:06.365648+00:00,0.0
2024-06-27 00:15:03.858658+00:00,0.0
2024-06-27 00:30:04.829126+00:00,0.0
2024-06-27 00:45:04.668318+00:00,0.0
2024-06-27 01:00:05.073800+00:00,0.0
2024-06-27 01:15:04.740518+00:00,0.0
2024-06-27 01:30:05.410370+00:00,0.25
2024-06-27 01:45:04.592699+00:00,0.25
2024-06-27 02:00:05.011667+00:00,0.0
2024-06-27 02:15:04.893827+00:00,0.0
2024-06-27 02:30:05.409028+00:00,0.0
2024-06-27 02:45:04.705049+00:00,0.0
2024-06-27 03:00:04.580798+00:00,0.25
2024-06-27 03:15:05.280486+00:00,0.25
2024-06-27 03:30:04.431587+00:00,0.25
2024-06-27 03:45:05.351804+00:00,0.0
2024-06-27 04:00:04.571667+00:00,0.0
2024-06-27 04:15:07.490740+00:00,0.0
2024-06-27 04:30:04.469180+00:00,0.0
2024-06-27 04:45:04.077840+00:00,0.0
2024-06-27 05:00:04.528230+00:00,0.0
2024-06-27 05:15:05.083847+00:00,0.0
2024-06-27 05:30:04.880815+00:00,0.0
2024-06-27 05:45:06.096532+00:00,0.0
2024-06-27 06:00:04.260306+00:00,0.0
2024-06-27 06:15:05.528410+00:00,0.0
2024-06-27 06:30:07.403982+00:00,0.0
2024-06-27 06:45:07.853395+00:00,0.0
2024-06-27 07:00:04.381629+00:00,0.0
2024-06-27 07:15:04.414102+00:00,0.0
2024-06-27 07:30:04.510253+00:00,0.0
2024-06-27 07:45:04.671093+00:00,0.51
2024-06-27 08:00:04.961812+00:00,0.25
2024-06-27 08:15:04.612021+00:00,0.25
2024-06-27 08:30:05.026603+00:00,0.25
2024-06-27 08:45:04.468113+00:00,0.25
2024-06-27 09:00:04.971203+00:00,1.52
2024-06-27 09:15:04.978705+00:00,1.78
2024-06-27 09:30:04.661825+00:00,0.0
2024-06-27 09:45:04.051249+00:00,0.0
2024-06-27 10:00:04.432291+00:00,2.29
2024-06-27 10:15:04.255715+00:00,3.05
2024-06-27 10:30:05.092449+00:00,5.33
2024-06-27 10:45:03.999347+00:00,2.03
2024-06-27 11:00:05.106204+00:00,0.25
2024-06-27 11:15:04.392325+00:00,0.0
2024-06-27 11:30:04.310338+00:00,0.0
2024-06-27 11:45:04.308850+00:00,0.0
2024-06-27 12:00:04.713773+00:00,0.0
2024-06-27 12:15:04.361404+00:00,0.0
2024-06-27 12:30:04.716068+00:00,0.0
2024-06-27 12:45:04.409539+00:00,1.27
2024-06-27 13:00:04.943905+00:00,4.57
2024-06-27 13:15:04.099824+00:00,0.25
2024-06-27 13:30:04.542019+00:00,0.25
2024-06-27 13:45:04.009744+00:00,0.25
2024-06-27 14:00:05.013960+00:00,0.25
2024-06-27 14:15:04.390037+00:00,2.03
2024-06-27 14:30:05.448872+00:00,0.76
2024-06-27 14:45:04.424495+00:00,2.79
2024-06-27 15:00:04.949770+00:00,2.03
2024-06-27 15:15:04.329861+00:00,3.56
2024-06-27 15:30:06.091677+00:00,1.27
2024-06-27 15:45:04.554424+00:00,1.27
2024-06-27 16:00:04.799514+00:00,1.78
2024-06-27 16:15:05.804482+00:00,6.35
2024-06-27 16:30:06.040648+00:00,2.54
2024-06-27 16:45:04.826746+00:00,1.52
2024-06-27 17:00:07.439956+00:00,0.25
2024-06-27 17:15:07.190027+00:00,0.25
2024-06-27 17:30:04.239302+00:00,0.0
2024-06-27 17:45:06.290928+00:00,0.0
2024-06-27 18:00:05.326520+00:00,0.0
2024-06-27 18:15:06.411786+00:00,0.0
2024-06-27 18:30:05.287174+00:00,0.0
2024-06-27 18:45:04.132756+00:00,0.0
2024-06-27 19:00:04.716754+00:00,0.25
2024-06-27 19:15:06.713774+00:00,1.02
2024-06-27 19:30:05.656917+00:00,0.0
2024-06-27 19:45:05.109996+00:00,0.0
2024-06-27 20:01:15.425370+00:00,0.0
2024-06-27 20:15:03.639146+00:00,0.25
2024-06-27 20:30:04.244477+00:00,0.0
2024-06-27 20:45:05.178457+00:00,0.0
2024-06-27 21:00:04.387624+00:00,0.0
2024-06-27 21:15:04.298314+00:00,0.0
2024-06-27 21:30:04.713909+00:00,0.0
2024-06-27 21:45:04.743954+00:00,0.0
2024-06-27 22:00:04.633433+00:00,1.27
2024-06-27 22:15:04.520087+00:00,0.0
2024-06-27 22:30:04.306747+00:00,0.0
2024-06-27 22:45:04.112066+00:00,3.56
2024-06-27 23:00:04.908986+00:00,0.76
2024-06-27 23:15:04.386937+00:00,0.0
2024-06-27 23:30:04.342211+00:00,0.0
2024-06-27 23:45:04.612326+00:00,0.51
2024-06-28 00:00:07.631701+00:00,0.0
2024-06-28 00:15:04.508416+00:00,0.25
2024-06-28 00:30:04.406765+00:00,0.76
2024-06-28 00:45:04.172641+00:00,0.25
2024-06-28 01:00:04.750754+00:00,0.25
2024-06-28 01:15:04.160582+00:00,0.0
2024-06-28 01:30:04.824917+00:00,0.0
2024-06-28 01:45:04.078066+00:00,0.0
2024-06-28 02:00:04.754786+00:00,0.0
2024-06-28 02:15:04.608824+00:00,0.0
2024-06-28 02:30:04.518994+00:00,0.0
2024-06-28 02:45:09.191950+00:00,0.0
2024-06-28 03:00:03.723949+00:00,0.0
2024-06-28 03:15:03.655703+00:00,3.56
2024-06-28 03:30:04.282010+00:00,3.56
2024-06-28 03:45:03.572720+00:00,0.25
2024-06-28 04:00:03.823542+00:00,0.0
2024-06-28 04:15:03.959357+00:00,0.0
2024-06-28 04:30:03.621846+00:00,0.0
2024-06-28 04:45:03.806890+00:00,0.0
2024-06-28 05:00:04.091191+00:00,0.0
2024-06-28 05:15:03.955115+00:00,0.0
2024-06-28 05:30:03.993339+00:00,0.0
2024-06-28 05:45:03.962082+00:00,0.0
2024-06-28 06:00:04.320474+00:00,0.25
2024-06-28 06:15:04.043816+00:00,0.0
2024-06-28 06:30:04.021180+00:00,0.0
2024-06-28 06:45:03.863295+00:00,0.25
2024-06-28 07:00:04.551521+00:00,0.0
2024-06-28 07:15:03.933195+00:00,0.0
2024-06-28 07:30:04.021734+00:00,0.25
2024-06-28 07:45:03.894614+00:00,0.51
2024-06-28 08:00:04.352286+00:00,0.0
2024-06-28 08:15:03.946079+00:00,0.25
2024-06-28 08:30:03.946608+00:00,1.02
2024-06-28 08:45:03.930621+00:00,4.83
2024-06-28 09:00:04.870855+00:00,7.11
2024-06-28 09:15:04.154385+00:00,2.54
2024-06-28 09:30:04.158248+00:00,3.56
2024-06-28 09:45:03.847602+00:00,1.52
2024-06-28 10:00:04.317242+00:00,1.27
2024-06-28 10:15:03.918938+00:00,0.51
2024-06-28 10:15:03.985654+00:00,0.51
2024-06-28 10:30:03.987748+00:00,0.0
2024-06-28 10:30:04.005535+00:00,0.0
2024-06-28 10:45:03.987944+00:00,0.0
2024-06-28 10:45:03.989814+00:00,0.0
2024-06-28 11:00:04.590379+00:00,0.25
2024-06-28 11:00:04.668028+00:00,0.25
2024-06-28 11:15:04.540417+00:00,0.51
2024-06-28 11:15:04.540782+00:00,0.51
2024-06-28 11:30:03.972454+00:00,0.0
2024-06-28 11:30:03.974672+00:00,0.0
2024-06-28 11:45:03.871449+00:00,1.27
2024-06-28 11:45:03.871764+00:00,1.27
2024-06-28 12:00:04.300803+00:00,0.0
2024-06-28 12:00:04.336139+00:00,0.0
2024-06-28 12:15:03.983979+00:00,0.0
2024-06-28 12:15:03.984527+00:00,0.0
2024-06-28 12:30:04.172496+00:00,0.0
2024-06-28 12:30:04.174797+00:00,0.0
2024-06-28 12:45:03.945771+00:00,0.0
2024-06-28 12:45:03.946748+00:00,0.0
2024-06-28 13:00:04.300231+00:00,0.0
2024-06-28 13:00:04.337976+00:00,0.0
2024-06-28 13:15:03.906249+00:00,0.0
2024-06-28 13:15:03.907250+00:00,0.0
2024-06-28 13:30:04.008743+00:00,0.0
2024-06-28 13:30:04.024224+00:00,0.0
2024-06-28 13:45:03.870193+00:00,0.0
2024-06-28 13:45:03.936941+00:00,0.0
2024-06-28 14:00:04.348746+00:00,0.0
2024-06-28 14:00:04.349467+00:00,0.0
2024-06-28 14:15:03.978697+00:00,0.0
2024-06-28 14:15:04.084697+00:00,0.0
2024-06-28 14:30:03.977613+00:00,0.0
2024-06-28 14:30:03.983911+00:00,0.0
2024-06-28 14:45:03.925680+00:00,0.0
2024-06-28 14:45:03.926475+00:00,0.0
2024-06-28 15:00:04.361263+00:00,0.0
2024-06-28 15:00:04.362301+00:00,0.0
2024-06-28 15:15:03.854828+00:00,0.0
2024-06-28 15:15:03.855183+00:00,0.0
2024-06-28 15:30:03.935374+00:00,0.0
2024-06-28 15:30:03.985332+00:00,0.0
2024-06-28 15:45:03.915374+00:00,0.0
2024-06-28 15:45:03.965347+00:00,0.0
2024-06-28 16:00:04.180651+00:00,2.03
2024-06-28 16:00:04.181848+00:00,2.03
2024-06-28 16:15:03.882956+00:00,0.0
2024-06-28 16:15:03.883271+00:00,0.0
2024-06-28 16:30:03.961664+00:00,0.0
2024-06-28 16:30:04.031524+00:00,0.0
2024-06-28 16:45:03.899951+00:00,0.0
2024-06-28 16:45:03.901381+00:00,0.0
2024-06-28 17:00:04.190023+00:00,0.0
2024-06-28 17:00:04.296254+00:00,0.0
2024-06-28 17:15:03.888921+00:00,0.0
2024-06-28 17:15:03.950050+00:00,0.0
2024-06-28 17:30:04.195829+00:00,0.0
2024-06-28 17:30:04.205212+00:00,0.0
2024-06-28 17:45:03.858800+00:00,0.0
2024-06-28 17:45:03.859315+00:00,0.0
2024-06-28 18:00:04.027066+00:00,0.0
2024-06-28 18:00:04.079921+00:00,0.0
2024-06-28 18:15:03.906465+00:00,0.0
2024-06-28 18:15:03.906846+00:00,0.0
2024-06-28 18:30:03.963591+00:00,0.0
2024-06-28 18:30:03.964055+00:00,0.0
2024-06-28 18:45:03.895746+00:00,0.0
2024-06-28 18:45:03.978739+00:00,0.0
2024-06-28 19:00:04.397046+00:00,0.25
2024-06-28 19:00:04.447059+00:00,0.25
2024-06-28 19:15:03.957837+00:00,0.51
2024-06-28 19:15:03.961689+00:00,0.51
2024-06-28 19:30:03.995601+00:00,0.0
2024-06-28 19:30:04.055302+00:00,0.0
2024-06-28 19:45:03.918131+00:00,0.0
2024-06-28 19:45:03.918530+00:00,0.0
2024-06-28 20:00:04.197452+00:00,0.0
2024-06-28 20:00:04.206920+00:00,0.0
2024-06-28 20:15:03.976638+00:00,0.0
2024-06-28 20:15:03.977196+00:00,0.0
2024-06-28 20:30:04.061728+00:00,0.0
2024-06-28 20:30:04.134474+00:00,0.0
2024-06-28 20:45:03.951500+00:00,0.0
2024-06-28 20:45:04.042510+00:00,0.0
2024-06-28 21:00:04.264518+00:00,0.51
2024-06-28 21:00:04.346685+00:00,0.51
2024-06-28 21:15:03.898631+00:00,0.25
2024-06-28 21:15:03.900475+00:00,0.25
2024-06-28 21:30:04.202344+00:00,0.0
2024-06-28 21:30:04.204116+00:00,0.0
2024-06-28 21:45:03.820632+00:00,0.0
2024-06-28 21:45:03.897920+00:00,0.0
2024-06-28 22:00:04.075328+00:00,0.25
2024-06-28 22:00:04.076944+00:00,0.25
2024-06-28 22:15:03.784884+00:00,0.0
2024-06-28 22:15:03.812429+00:00,0.0
2024-06-28 22:30:03.994248+00:00,0.0
2024-06-28 22:30:03.995217+00:00,0.0
2024-06-28 22:45:03.898336+00:00,0.0
2024-06-28 22:45:03.900732+00:00,0.0
2024-06-28 23:00:04.339741+00:00,0.0
2024-06-28 23:00:04.365334+00:00,0.0
2024-06-28 23:15:03.882060+00:00,0.0
2024-06-28 23:15:03.888878+00:00,0.0
2024-06-28 23:30:03.887992+00:00,0.0
2024-06-28 23:30:03.889279+00:00,0.0
2024-06-28 23:45:03.877905+00:00,0.0
2024-06-28 23:45:03.878272+00:00,0.0
2024-06-29 00:00:05.012347+00:00,1.52
2024-06-29 00:00:05.150132+00:00,1.52
2024-06-29 00:15:03.869797+00:00,0.0
2024-06-29 00:15:03.965844+00:00,0.0
2024-06-29 00:30:04.837633+00:00,0.0
2024-06-29 00:30:04.839737+00:00,0.0
2024-06-29 00:48:44.181939+00:00,0.0
2024-06-29 00:56:01.379791+00:00,0.0
2024-06-29 01:03:26.723818+00:00,0.0
2024-06-29 01:12:11.140800+00:00,0.0
2024-06-29 01:21:47.428590+00:00,0.0
2024-06-29 01:25:23.420884+00:00,0.0
2024-06-29 01:30:04.094833+00:00,0.0
2024-06-29 01:30:04.096819+00:00,0.0
2024-06-29 01:49:54.095325+00:00,0.0
2024-06-29 01:58:49.065632+00:00,0.0
2024-06-29 02:09:26.261172+00:00,0.0
2024-06-29 02:18:33.693754+00:00,0.0
2024-06-29 02:28:21.430598+00:00,0.0
2024-06-29 02:37:54.341783+00:00,0.0
2024-06-29 02:46:35.327502+00:00,0.0
2024-06-29 02:53:27.057508+00:00,0.0
2024-07-01 04:48:31.760488+00:00,0.0
2024-07-01 04:48:31.760650+00:00,0.0
2024-07-01 04:48:35.729509+00:00,0.0
2024-07-01 04:48:35.729779+00:00,0.0
2024-07-01 04:48:40.813198+00:00,0.0
2024-07-01 04:48:40.925692+00:00,0.0
2024-07-01 04:48:44.993277+00:00,0.0
2024-07-01 04:48:45.201632+00:00,0.0
2024-07-01 04:48:49.578588+00:00,0.0
2024-07-01 04:48:53.797300+00:00,0.0
2024-07-01 04:48:57.816156+00:00,0.0
2024-07-01 04:49:01.542342+00:00,0.0
2024-07-01 04:49:05.640016+00:00,0.0
2024-07-01 04:49:09.645757+00:00,0.0
2024-07-01 04:49:13.781239+00:00,0.0
2024-07-01 04:49:17.941658+00:00,0.0
2024-07-01 04:51:03.774424+00:00,0.0
2024-07-01 04:51:08.103593+00:00,0.0
2024-07-01 04:51:12.060673+00:00,0.0
2024-07-01 04:51:16.041677+00:00,0.0
2024-07-01 04:51:19.961473+00:00,0.0
2024-07-01 04:51:23.929816+00:00,0.0
2024-07-01 04:51:27.914861+00:00,0.0
2024-07-01 04:51:31.875620+00:00,0.0
2024-07-01 04:51:35.780695+00:00,0.0
2024-07-01 04:51:39.746304+00:00,0.0
2024-07-01 04:51:43.677707+00:00,0.0
2024-07-01 04:51:47.601206+00:00,0.0
2024-07-01 04:51:51.585625+00:00,0.0
2024-07-01 04:51:55.731921+00:00,0.0
2024-07-01 04:52:00.204806+00:00,0.0
2024-07-01 04:52:04.638847+00:00,0.0
2024-07-01 04:53:42.996300+00:00,0.0
2024-07-01 04:53:46.962700+00:00,0.0
2024-07-01 04:53:50.904937+00:00,0.0
2024-07-01 04:53:55.041087+00:00,0.0
2024-07-01 04:53:58.960657+00:00,0.0
2024-07-01 04:54:03.137862+00:00,0.0
2024-07-01 04:54:07.030862+00:00,0.0
2024-07-01 04:54:10.931956+00:00,0.0
2024-07-01 04:54:19.444078+00:00,0.0
2024-07-01 04:54:23.452881+00:00,0.0
2024-07-01 04:54:27.387353+00:00,0.0
2024-07-01 04:54:31.320868+00:00,0.0
2024-07-01 04:54:35.236943+00:00,0.0
2024-07-01 04:54:39.182355+00:00,0.0
2024-07-01 04:54:43.098392+00:00,0.0
2024-07-01 04:54:47.031025+00:00,0.0
2024-07-01 04:56:25.062199+00:00,0.0
2024-07-01 04:56:28.979621+00:00,0.0
2024-07-01 04:56:32.902208+00:00,0.0
2024-07-01 04:56:36.810509+00:00,0.0
2024-07-01 04:56:40.700626+00:00,0.0
2024-07-01 04:56:44.872800+00:00,0.0
2024-07-01 04:56:48.809357+00:00,0.0
2024-07-01 04:56:52.742623+00:00,0.0
2024-07-01 04:57:04.216985+00:00,0.0
2024-07-01 04:57:08.260728+00:00,0.0
2024-07-01 04:57:12.252743+00:00,0.0
2024-07-01 04:57:16.270067+00:00,0.0
2024-07-01 04:57:20.275343+00:00,0.0
2024-07-01 04:57:24.266151+00:00,0.0
2024-07-01 04:57:28.271849+00:00,0.0
2024-07-01 04:57:32.223576+00:00,0.0
2024-07-01 04:59:09.317745+00:00,0.0
2024-07-01 04:59:13.229714+00:00,0.0
2024-07-01 04:59:17.202479+00:00,0.0
2024-07-01 04:59:21.194098+00:00,0.0
2024-07-01 04:59:25.220497+00:00,0.0
2024-07-01 04:59:29.177029+00:00,0.0
2024-07-01 04:59:44.497892+00:00,0.0
2024-07-01 04:59:48.468065+00:00,0.0
2024-07-01 04:59:52.537184+00:00,0.0
2024-07-01 04:59:56.514973+00:00,0.0
2024-07-01 05:00:00.478364+00:00,0.0
2024-07-01 05:00:05.032168+00:00,0.0
2024-07-01 05:00:09.260865+00:00,0.0
2024-07-01 05:00:13.313603+00:00,0.0
2024-07-01 05:00:17.340534+00:00,0.0
2024-07-01 05:00:21.307958+00:00,0.0
2024-07-01 05:02:04.277398+00:00,0.0
2024-07-01 05:02:08.218567+00:00,0.0
2024-07-01 05:02:12.307113+00:00,0.0
2024-07-01 05:02:16.290857+00:00,0.0
2024-07-01 05:02:20.298051+00:00,0.0
2024-07-01 05:02:24.420947+00:00,0.0
2024-07-01 05:02:28.366174+00:00,0.0
2024-07-01 05:02:32.356100+00:00,0.0
2024-07-01 05:02:37.773788+00:00,0.0
2024-07-01 05:02:41.776323+00:00,0.0
2024-07-01 05:02:45.847946+00:00,0.0
2024-07-01 05:02:51.441149+00:00,0.0
2024-07-01 05:02:55.413229+00:00,0.0
2024-07-01 05:02:59.353498+00:00,0.0
2024-07-01 05:03:03.338668+00:00,0.0
2024-07-01 05:03:07.379709+00:00,0.0
2024-07-01 05:04:49.573175+00:00,0.0
2024-07-01 05:04:53.486140+00:00,0.0
2024-07-01 05:04:57.979646+00:00,0.0
2024-07-01 05:05:02.005427+00:00,0.0
2024-07-01 05:05:06.211170+00:00,0.0
2024-07-01 05:05:10.720211+00:00,0.0
2024-07-01 05:05:16.392382+00:00,0.0
2024-07-01 05:05:20.365083+00:00,0.0
2024-07-01 05:05:26.252325+00:00,0.0
2024-07-01 05:05:30.196155+00:00,0.0
2024-07-01 05:05:34.138692+00:00,0.0
2024-07-01 05:05:38.183633+00:00,0.0
2024-07-01 05:05:42.194117+00:00,0.0
2024-07-01 05:05:46.221540+00:00,0.0
2024-07-01 05:05:50.284979+00:00,0.0
2024-07-01 05:05:54.267787+00:00,0.0
2024-07-01 05:07:38.610989+00:00,0.0
2024-07-01 05:07:42.577190+00:00,0.0
2024-07-01 05:07:46.492818+00:00,0.0
2024-07-01 05:07:50.452224+00:00,0.0
2024-07-01 05:07:54.420740+00:00,0.0
2024-07-01 05:07:58.360373+00:00,0.0
2024-07-01 05:08:02.121807+00:00,0.0
2024-07-01 05:08:06.096263+00:00,0.0
2024-07-01 05:08:10.197454+00:00,0.0
2024-07-01 05:08:14.424678+00:00,0.0
2024-07-01 05:08:18.590781+00:00,0.0
2024-07-01 05:08:23.702067+00:00,0.0
2024-07-01 05:08:27.766142+00:00,0.0
2024-07-01 05:08:31.720843+00:00,0.0
2024-07-01 05:08:35.703008+00:00,0.0
2024-07-01 05:08:39.737528+00:00,0.0
2024-07-01 05:23:38.668619+00:00,0.0
2024-07-01 05:23:38.766409+00:00,0.0
2024-07-01 05:23:42.679668+00:00,0.0
2024-07-01 05:23:42.782302+00:00,0.0
2024-07-01 05:23:46.580324+00:00,0.0
2024-07-01 05:23:46.682151+00:00,0.0
2024-07-01 05:23:50.697708+00:00,0.0
2024-07-01 05:23:50.799742+00:00,0.0
2024-07-01 05:23:54.784846+00:00,0.0
2024-07-01 05:23:58.749433+00:00,0.0
2024-07-01 05:24:02.664918+00:00,0.0
2024-07-01 05:24:06.573141+00:00,0.0
2024-07-01 05:24:10.915902+00:00,0.0
2024-07-01 05:24:14.832777+00:00,0.0
2024-07-01 05:24:18.845443+00:00,0.0
2024-07-01 05:24:22.776933+00:00,0.0
2024-07-01 05:25:55.904836+00:00,0.0
2024-07-01 05:25:59.848234+00:00,0.0
2024-07-01 05:26:03.839782+00:00,0.0
2024-07-01 05:26:07.822126+00:00,0.0
2024-07-01 05:26:11.712692+00:00,0.0
2024-07-01 05:26:15.677069+00:00,0.0
2024-07-01 05:26:19.671992+00:00,0.0
2024-07-01 05:30:03.901015+00:00,0.0
2024-07-01 05:30:03.920643+00:00,0.0
2024-07-01 05:45:03.726305+00:00,0.0
2024-07-01 05:45:03.772042+00:00,0.0
2024-07-01 06:00:04.099156+00:00,0.0
2024-07-01 06:00:04.202947+00:00,0.0
2024-07-01 06:15:03.833134+00:00,0.0
2024-07-01 06:15:03.941168+00:00,0.0
2024-07-01 06:30:04.951675+00:00,0.0
2024-07-01 06:30:04.994466+00:00,0.0
2024-07-01 06:45:03.897660+00:00,0.0
2024-07-01 06:45:03.971671+00:00,0.0
2024-07-01 07:00:05.632002+00:00,0.0
2024-07-01 07:00:05.642706+00:00,0.0
2024-07-01 07:15:03.789760+00:00,0.0
2024-07-01 07:15:03.791793+00:00,0.0
2024-07-01 07:30:03.920633+00:00,0.0
2024-07-01 07:30:03.921026+00:00,0.0
2024-07-01 07:45:03.734171+00:00,0.0
2024-07-01 07:45:03.734821+00:00,0.0
2024-07-01 08:00:04.016861+00:00,0.0
2024-07-01 08:00:04.026510+00:00,0.0
2024-07-01 08:15:03.777280+00:00,0.0
2024-07-01 08:15:03.838145+00:00,0.0
2024-07-01 08:30:03.939203+00:00,0.0
2024-07-01 08:30:04.052223+00:00,0.0
2024-07-01 08:45:03.768021+00:00,0.0
2024-07-01 08:45:03.768389+00:00,0.0
2024-07-01 09:00:07.074018+00:00,0.0
2024-07-01 09:00:07.075744+00:00,0.0
2024-07-01 09:15:03.858456+00:00,0.0
2024-07-01 09:15:03.859097+00:00,0.0
2024-07-01 09:30:03.947818+00:00,0.0
2024-07-01 09:30:03.969465+00:00,0.0
2024-07-01 09:45:03.844498+00:00,0.0
2024-07-01 09:45:03.845133+00:00,0.0
2024-07-01 10:00:04.058790+00:00,0.0
2024-07-01 10:00:04.070366+00:00,0.0
2024-07-01 10:15:03.731260+00:00,0.0
2024-07-01 10:15:03.731617+00:00,0.0
2024-07-01 10:30:03.829757+00:00,0.0
2024-07-01 10:30:03.903890+00:00,0.0
2024-07-01 10:45:03.728345+00:00,0.0
2024-07-01 10:45:03.734311+00:00,0.0
2024-07-01 11:00:04.343477+00:00,0.25
2024-07-01 11:00:04.349038+00:00,0.25
2024-07-01 11:15:03.676541+00:00,0.25
2024-07-01 11:15:03.679631+00:00,0.25
2024-07-01 11:30:03.919452+00:00,0.0
2024-07-01 11:30:03.920309+00:00,0.0
2024-07-01 11:45:03.837949+00:00,0.0
2024-07-01 11:45:03.838480+00:00,0.0
2024-07-01 12:00:04.016052+00:00,0.0
2024-07-01 12:00:04.089567+00:00,0.0
2024-07-01 12:15:03.681373+00:00,0.0
2024-07-01 12:15:03.681826+00:00,0.0
2024-07-01 12:30:03.789007+00:00,0.76
2024-07-01 12:30:03.830283+00:00,0.76
2024-07-01 12:45:03.817420+00:00,0.76
2024-07-01 12:45:03.921617+00:00,0.76
2024-07-01 13:00:04.167603+00:00,0.0
2024-07-01 13:00:04.168700+00:00,0.0
2024-07-01 13:15:03.696903+00:00,0.0
2024-07-01 13:15:03.697354+00:00,0.0
2024-07-01 13:30:04.283594+00:00,0.0
2024-07-01 13:30:04.286040+00:00,0.0
2024-07-01 13:45:03.669073+00:00,0.0
2024-07-01 13:45:03.669374+00:00,0.0
2024-07-01 14:00:04.091104+00:00,0.0
2024-07-01 14:00:04.091529+00:00,0.0
2024-07-01 14:15:03.801389+00:00,0.0
2024-07-01 14:15:03.801657+00:00,0.0
2024-07-01 14:30:04.110027+00:00,0.0
2024-07-01 14:30:04.176185+00:00,0.0
2024-07-01 14:45:03.726676+00:00,0.0
2024-07-01 14:45:03.745312+00:00,0.0
2024-07-01 15:00:04.021923+00:00,0.0
2024-07-01 15:00:04.081082+00:00,0.0
2024-07-01 15:15:03.683277+00:00,1.78
2024-07-01 15:15:03.683623+00:00,1.78
2024-07-01 15:30:03.782461+00:00,1.78
2024-07-01 15:30:03.794776+00:00,1.78
2024-07-01 15:45:03.728567+00:00,0.25
2024-07-01 15:45:03.730156+00:00,0.25
2024-07-01 16:00:05.332015+00:00,0.25
2024-07-01 16:00:05.332341+00:00,0.25
2024-07-01 16:15:03.712485+00:00,0.0
2024-07-01 16:15:03.776535+00:00,0.0
2024-07-01 16:30:03.874416+00:00,0.0
2024-07-01 16:30:03.878752+00:00,0.0
2024-07-01 16:45:03.742854+00:00,0.0
2024-07-01 16:45:03.743811+00:00,0.0
2024-07-01 17:00:04.221408+00:00,0.0
2024-07-01 17:00:04.325319+00:00,0.0
2024-07-01 17:15:03.747637+00:00,0.25
2024-07-01 17:15:03.747887+00:00,0.25
2024-07-01 17:30:03.783631+00:00,0.25
2024-07-01 17:30:03.784031+00:00,0.25
2024-07-01 17:45:03.654741+00:00,0.0
2024-07-01 17:45:03.743245+00:00,0.0
2024-07-01 18:00:03.969584+00:00,0.0
2024-07-01 18:00:04.016405+00:00,0.0
2024-07-01 18:15:03.663947+00:00,1.52
2024-07-01 18:15:03.664293+00:00,1.52
2024-07-01 18:30:03.828710+00:00,1.52
2024-07-01 18:30:03.831753+00:00,1.52
2024-07-01 18:45:03.592397+00:00,0.0
2024-07-01 18:45:03.698511+00:00,0.0
2024-07-01 19:00:03.838125+00:00,0.0
2024-07-01 19:00:03.866970+00:00,0.0
2024-07-01 19:15:03.690144+00:00,2.03
2024-07-01 19:15:03.738902+00:00,2.03
2024-07-01 19:30:03.703908+00:00,2.03
2024-07-01 19:30:03.747479+00:00,2.03
2024-07-01 19:45:03.978360+00:00,4.06
2024-07-01 19:45:03.979239+00:00,4.06
2024-07-01 20:00:03.809974+00:00,4.06
2024-07-01 20:00:03.836541+00:00,4.06
2024-07-01 20:15:03.678801+00:00,0.76
2024-07-01 20:15:03.682517+00:00,0.76
2024-07-01 20:30:03.814190+00:00,0.76
2024-07-01 20:30:03.849225+00:00,0.76
2024-07-01 20:48:55.472177+00:00,0.76
2024-07-01 20:55:33.713248+00:00,0.76
2024-07-01 21:03:42.657060+00:00,0.25
2024-07-01 21:12:10.632634+00:00,0.25
2024-07-01 21:19:20.754701+00:00,0.25
2024-07-01 21:28:19.013700+00:00,0.25
2024-07-01 21:36:46.977099+00:00,0.0
2024-07-01 21:43:47.116495+00:00,0.0
2024-07-02 04:06:45.364226+00:00,0.0
2024-07-02 04:06:45.364449+00:00,0.0
2024-07-02 04:06:49.252443+00:00,0.0
2024-07-02 04:06:49.253811+00:00,0.0
2024-07-02 04:06:53.138731+00:00,0.0
2024-07-02 04:06:53.211203+00:00,0.0
2024-07-02 04:06:57.028912+00:00,0.0
2024-07-02 04:06:57.131505+00:00,0.0
2024-07-02 04:07:01.060540+00:00,0.0
2024-07-02 04:07:05.230688+00:00,0.0
2024-07-02 04:07:09.297948+00:00,0.0
2024-07-02 04:07:13.183660+00:00,0.0
2024-07-02 04:07:17.093098+00:00,0.0
2024-07-02 04:07:30.971667+00:00,0.0
2024-07-02 04:07:30.995644+00:00,0.0
2024-07-02 04:07:35.092010+00:00,0.0
2024-07-02 04:07:35.092339+00:00,0.0
2024-07-02 04:07:39.186603+00:00,0.0
2024-07-02 04:07:43.512158+00:00,0.0
2024-07-02 04:07:47.418763+00:00,0.0
2024-07-02 04:07:51.457040+00:00,0.0
2024-07-02 04:07:55.342074+00:00,0.0
2024-07-02 04:07:59.209479+00:00,0.0
2024-07-02 04:09:38.579776+00:00,0.0
2024-07-02 04:09:42.548814+00:00,0.0
2024-07-02 04:09:46.673575+00:00,0.0
2024-07-02 04:09:50.777714+00:00,0.0
2024-07-02 04:09:54.819463+00:00,0.0
2024-07-02 04:09:58.723857+00:00,0.0
2024-07-02 04:10:02.713438+00:00,0.0
2024-07-02 04:10:03.772099+00:00,0.0
2024-07-02 04:10:07.783458+00:00,0.0
2024-07-02 04:10:11.712388+00:00,0.0
2024-07-02 04:10:15.635611+00:00,0.0
2024-07-02 04:10:19.562023+00:00,0.0
2024-07-02 04:10:23.516052+00:00,0.0
2024-07-02 04:10:27.484569+00:00,0.0
2024-07-02 04:10:31.468626+00:00,0.0
2024-07-02 04:10:35.528347+00:00,0.0
2024-07-02 04:12:06.176503+00:00,0.0
2024-07-02 04:12:10.135954+00:00,0.0
2024-07-02 04:12:14.675573+00:00,0.0
2024-07-02 04:12:18.592470+00:00,0.0
2024-07-02 04:12:22.492189+00:00,0.0
2024-07-02 04:12:26.426941+00:00,0.0
2024-07-02 04:12:30.349143+00:00,0.0
2024-07-02 04:12:34.400329+00:00,0.0
2024-07-02 04:12:39.859609+00:00,0.0
2024-07-02 04:12:43.820025+00:00,0.0
2024-07-02 04:12:47.801619+00:00,0.0
2024-07-02 04:12:52.214052+00:00,0.0
2024-07-02 04:15:04.473827+00:00,0.0
2024-07-02 04:15:04.572074+00:00,0.0
2024-07-02 04:15:17.573857+00:00,0.0
2024-07-02 04:30:03.775571+00:00,0.0
2024-07-02 04:30:03.883214+00:00,0.0
2024-07-02 04:30:08.183654+00:00,0.0
2024-07-02 04:45:03.805220+00:00,0.0
2024-07-02 04:45:03.911873+00:00,0.0
2024-07-02 04:45:07.951788+00:00,0.25
2024-07-02 05:00:04.249831+00:00,0.0
2024-07-02 05:00:04.250030+00:00,0.0
2024-07-02 05:00:08.219146+00:00,0.0
2024-07-02 05:15:03.734361+00:00,0.0
2024-07-02 05:15:03.735001+00:00,0.0
2024-07-02 05:15:07.694198+00:00,0.0
2024-07-02 05:30:04.287104+00:00,0.0
2024-07-02 05:30:04.330679+00:00,0.0
2024-07-02 05:30:08.214271+00:00,0.0
2024-07-02 05:45:03.669055+00:00,0.0
2024-07-02 05:45:03.774015+00:00,0.0
2024-07-02 05:45:07.603179+00:00,0.0
2024-07-02 06:00:03.977886+00:00,0.0
2024-07-02 06:00:04.011121+00:00,0.0
2024-07-02 06:00:08.394261+00:00,0.0
2024-07-02 06:15:03.807009+00:00,0.0
2024-07-02 06:15:03.815611+00:00,0.0
2024-07-02 06:15:07.871529+00:00,0.0
2024-07-02 06:30:03.858668+00:00,0.0
2024-07-02 06:30:03.912519+00:00,0.0
2024-07-02 06:30:08.046952+00:00,0.0
2024-07-02 06:45:03.717525+00:00,0.0
2024-07-02 06:45:03.722145+00:00,0.0
2024-07-02 06:45:07.687695+00:00,0.0
2024-07-02 07:00:03.773687+00:00,0.0
2024-07-02 07:00:03.781641+00:00,0.0
2024-07-02 07:00:07.811767+00:00,0.0
2024-07-02 07:15:03.640843+00:00,0.0
2024-07-02 07:15:03.659740+00:00,0.0
2024-07-02 07:15:07.562733+00:00,0.0
2024-07-02 07:30:03.766918+00:00,0.0
2024-07-02 07:30:03.767526+00:00,0.0
2024-07-02 07:30:07.697644+00:00,0.0
2024-07-02 07:45:03.625585+00:00,0.0
2024-07-02 07:45:03.625821+00:00,0.0
2024-07-02 07:45:07.524265+00:00,0.0
2024-07-02 08:00:04.054543+00:00,0.0
2024-07-02 08:00:04.097855+00:00,0.0
2024-07-02 08:00:08.255723+00:00,0.0
2024-07-02 08:15:04.557641+00:00,0.0
2024-07-02 08:15:04.559980+00:00,0.0
2024-07-02 08:15:08.468570+00:00,0.0
2024-07-02 08:30:03.747230+00:00,0.0
2024-07-02 08:30:03.750325+00:00,0.0
2024-07-02 08:30:07.678147+00:00,0.0
2024-07-02 09:07:01.592973+00:00,0.0
2024-07-02 09:07:01.699917+00:00,0.0
2024-07-02 09:07:05.588161+00:00,0.0
2024-07-02 09:07:05.690973+00:00,0.0
2024-07-02 09:07:09.487795+00:00,0.0
2024-07-02 09:07:09.591449+00:00,0.0
2024-07-02 09:15:03.653297+00:00,0.0
2024-07-02 09:15:03.653593+00:00,0.0
2024-07-02 09:15:07.571100+00:00,0.0
2024-07-02 09:30:03.836286+00:00,0.0
2024-07-02 09:30:03.836829+00:00,0.0
2024-07-02 09:30:08.132612+00:00,0.0
2024-07-02 09:45:03.639333+00:00,0.0
2024-07-02 09:45:07.677964+00:00,0.0
2024-07-02 09:45:11.592312+00:00,0.0
2024-07-02 10:00:03.763329+00:00,0.0
2024-07-02 10:00:07.804110+00:00,0.0
2024-07-02 10:00:11.720294+00:00,0.0
2024-07-02 10:15:03.771661+00:00,0.0
2024-07-02 10:15:07.712765+00:00,0.0
2024-07-02 10:15:11.673972+00:00,0.0
2024-07-02 10:30:03.851272+00:00,0.0
2024-07-02 10:30:07.882028+00:00,0.0
2024-07-02 10:30:11.782980+00:00,0.0
2024-07-02 15:50:08.241859+00:00,0.0
2024-07-02 15:50:08.242477+00:00,0.0
2024-07-02 15:50:12.169739+00:00,0.0
2024-07-02 15:50:12.169991+00:00,0.0
2024-07-02 15:50:16.356592+00:00,0.0
2024-07-02 15:50:16.357205+00:00,0.0
2024-07-02 15:50:21.247012+00:00,0.0
2024-07-02 15:50:21.247349+00:00,0.0
2024-07-02 15:50:25.241815+00:00,0.0
2024-07-02 15:50:29.233187+00:00,0.0
2024-07-02 15:50:33.187473+00:00,0.0
2024-07-02 15:50:37.088578+00:00,0.0
2024-07-02 20:06:33.249574+00:00,0.0
2024-07-02 20:06:33.250089+00:00,0.0
2024-07-02 20:06:37.051742+00:00,0.0
2024-07-02 20:06:37.051954+00:00,0.0
2024-07-02 20:06:40.823832+00:00,0.0
2024-07-02 20:06:40.824038+00:00,0.0
2024-07-02 20:06:44.582718+00:00,0.0
2024-07-02 20:06:44.583036+00:00,0.0
2024-07-02 20:06:49.470571+00:00,0.0
2024-07-02 20:06:49.530038+00:00,0.0
2024-07-02 20:06:53.202946+00:00,0.0
2024-07-02 20:06:53.259761+00:00,0.0
2024-07-02 20:06:57.016828+00:00,0.0
2024-07-02 20:07:00.865415+00:00,0.0
2024-07-02 20:07:04.618831+00:00,0.0
2024-07-02 20:07:08.443880+00:00,0.0
2024-07-02 20:07:12.187533+00:00,0.0
2024-07-02 20:07:15.926230+00:00,0.0
2024-07-02 20:07:19.700985+00:00,0.0
2024-07-02 20:07:23.454298+00:00,0.0
2024-07-02 20:07:27.183582+00:00,0.0
2024-07-02 20:07:30.973110+00:00,0.0
2024-07-02 20:07:34.759372+00:00,0.0
2024-07-02 20:07:38.531425+00:00,0.0
2024-07-03 07:11:24.461793+00:00,0.0
2024-07-03 07:11:24.462052+00:00,0.0
2024-07-03 07:11:28.702317+00:00,0.0
2024-07-03 07:11:28.702610+00:00,0.0
2024-07-03 07:11:33.219853+00:00,0.0
2024-07-03 07:11:33.220982+00:00,0.0
2024-07-03 07:11:38.175862+00:00,0.0
2024-07-03 07:11:38.278525+00:00,0.0
2024-07-03 07:11:42.240236+00:00,0.0
2024-07-03 07:11:42.342895+00:00,0.0
2024-07-03 07:11:46.691501+00:00,0.0
2024-07-03 07:11:46.793909+00:00,0.0
2024-07-03 07:11:50.786491+00:00,0.0
2024-07-03 07:11:54.637510+00:00,0.0
2024-07-03 07:11:58.622598+00:00,0.0
2024-07-03 07:12:03.045134+00:00,0.0
2024-07-03 07:12:06.910246+00:00,0.0
2024-07-03 07:12:10.771531+00:00,0.0
2024-07-03 07:12:14.813357+00:00,0.0
2024-07-03 07:12:18.725308+00:00,0.0
2024-07-03 07:12:22.581465+00:00,0.0
2024-07-03 07:12:26.461177+00:00,0.0
2024-07-03 07:12:30.341246+00:00,0.0
2024-07-03 07:12:34.235552+00:00,0.0
